QuickRigCharacter_Head;-0.02647221;1.803177;-2.222255
QuickRigCharacter_Head;-0.02893486;1.799883;-2.217834
QuickRigCharacter_Head;-0.02457917;1.799248;-2.215693
QuickRigCharacter_Head;-0.01927515;1.797586;-2.21233
QuickRigCharacter_Head;0.0394008;1.802452;-2.239043
QuickRigCharacter_Head;0.03681318;1.802457;-2.236449
QuickRigCharacter_Head;0.03412763;1.804343;-2.238071
QuickRigCharacter_Head;0.03736757;1.804456;-2.24158
QuickRigCharacter_Head;0.03980649;1.803896;-2.242949
QuickRigCharacter_Head;0.04105369;1.80485;-2.247056
QuickRigCharacter_Head;0.03914608;1.80316;-2.240404
QuickRigCharacter_Head;0.04377718;1.802199;-2.243588
QuickRigCharacter_Head;0.05531796;1.798658;-2.252486
QuickRigCharacter_Head;0.056403;1.799831;-2.2591
QuickRigCharacter_Head;0.05786828;1.799251;-2.260745
Plane;0.07589469;1.820714;-2.636
Plane;0.07669185;1.82483;-2.636
Plane;0.07931073;1.828869;-2.636
Plane;0.09302099;1.829538;-2.636
Plane;0.09816336;1.83263;-2.636
Plane;0.0991374;1.838079;-2.636
Plane;0.09636758;1.840439;-2.636
Plane;0.09200431;1.839977;-2.636
Plane;0.08914041;1.839567;-2.636
Plane;0.09310761;1.839013;-2.636
QuickRigCharacter_Head;0.05607777;1.799958;-2.258751
QuickRigCharacter_Head;0.04252255;1.780277;-2.20837
QuickRigCharacter_Head;0.04070035;1.782695;-2.209744
QuickRigCharacter_Head;0.03843052;1.783793;-2.209492
QuickRigCharacter_Head;0.04002061;1.782948;-2.209578
QuickRigCharacter_Head;0.04185494;1.781732;-2.209467
QuickRigCharacter_Head;0.04323384;1.781936;-2.21064
QuickRigCharacter_Head;0.04561636;1.781337;-2.211713
QuickRigCharacter_Head;0.05396482;1.775118;-2.211814
QuickRigCharacter_Head;0.06046057;1.779752;-2.223592
QuickRigCharacter_Head;0.06228717;1.78577;-2.234908
QuickRigCharacter_Head;0.05221466;1.787444;-2.22525
QuickRigCharacter_Head;0.04282403;1.787919;-2.217508
QuickRigCharacter_Head;0.04063141;1.789467;-2.217901
QuickRigCharacter_Head;0.03797124;1.791713;-2.219025
QuickRigCharacter_Head;0.03574363;1.791516;-2.217222
QuickRigCharacter_Head;0.01510735;1.716362;-2.166756
QuickRigCharacter_Head;0.01786627;1.716979;-2.167417
QuickRigCharacter_Head;0.01683115;1.718685;-2.167431
QuickRigCharacter_Head;0.01017826;1.718656;-2.166191
QuickRigCharacter_Head;0.00803733;1.717064;-2.165656
QuickRigCharacter_Head;0.01746731;1.716218;-2.167231
QuickRigCharacter_Head;0.02056572;1.718151;-2.168213
QuickRigCharacter_Head;0.03532125;1.715291;-2.172542
Plane;0.1392662;1.706758;-2.636
QuickRigCharacter_Head;0.1069197;1.705769;-2.249702
QuickRigCharacter_Head;0.1073896;1.709028;-2.25193
Plane;0.1364868;1.716511;-2.636
Plane;0.1395009;1.717997;-2.636
Plane;0.1395748;1.718195;-2.636
Plane;0.1363665;1.718879;-2.636
QuickRigCharacter_Head;0.05735216;1.688931;-2.18378
QuickRigCharacter_Head;0.06370354;1.693175;-2.187814
QuickRigCharacter_Head;0.06603347;1.693495;-2.18958
QuickRigCharacter_Head;0.06492596;1.695536;-2.188558
QuickRigCharacter_Head;0.06197808;1.695656;-2.18636
QuickRigCharacter_Head;0.05912405;1.695661;-2.184365
QuickRigCharacter_Head;0.05833772;1.694428;-2.183919
QuickRigCharacter_Head;0.01514103;1.693148;-2.166149
QuickRigCharacter_Head;-0.02549339;1.697716;-2.164888
QuickRigCharacter_Head;-0.02642504;1.702064;-2.164964
QuickRigCharacter_Head;-0.02949203;1.702972;-2.165485
QuickRigCharacter_Head;-0.03281889;1.702033;-2.166126
QuickRigCharacter_Head;-0.03210804;1.70133;-2.16598
QuickRigCharacter_Head;-0.02678092;1.698529;-2.165062
QuickRigCharacter_Head;-0.02449105;1.697525;-2.164752
QuickRigCharacter_Head;-0.0263883;1.699598;-2.164975
QuickRigCharacter_Head;-0.02701176;1.699347;-2.165079
QuickRigCharacter_Head;-0.02592829;1.697085;-2.164976
QuickRigCharacter_Head;0.008355926;1.679216;-2.166722
QuickRigCharacter_Head;0.01967258;1.675436;-2.169344
QuickRigCharacter_Head;0.01904856;1.677774;-2.168873
QuickRigCharacter_Head;0.02014738;1.68247;-2.168483
QuickRigCharacter_Head;0.02223265;1.686975;-2.168394
QuickRigCharacter_Head;0.02363729;1.690532;-2.168379
QuickRigCharacter_Head;0.02288355;1.690308;-2.168198
QuickRigCharacter_Head;0.02201173;1.689942;-2.168001
QuickRigCharacter_Head;0.0200776;1.690177;-2.167488
QuickRigCharacter_Head;0.01772443;1.69041;-2.16692
QuickRigCharacter_Head;0.0748901;1.665082;-2.199489
QuickRigCharacter_Head;0.1053044;1.653013;-2.241518
QuickRigCharacter_Head;0.1029693;1.662153;-2.23683
QuickRigCharacter_Head;0.1025347;1.666094;-2.236019
QuickRigCharacter_Head;0.09797495;1.666575;-2.227646
QuickRigCharacter_Head;0.09556777;1.666996;-2.223757
Plane;0.1448489;1.655977;-2.636
Plane;0.1470937;1.639571;-2.636
Plane;0.1479419;1.639684;-2.636
Plane;0.1467911;1.639823;-2.636
Plane;0.1423401;1.641817;-2.636
QuickRigCharacter_Head;0.1166255;1.646604;-2.28307
Plane;0.1450368;1.634234;-2.636
Plane;0.1498069;1.635231;-2.636
Plane;0.1997899;1.609245;-2.636
Plane;0.1882351;1.612048;-2.636
Plane;0.1860419;1.612577;-2.636
Plane;0.1893279;1.613645;-2.636
QuickRigCharacter_Head;0.105113;1.592449;-2.240572
QuickRigCharacter_Head;0.07265289;1.570186;-2.207102
QuickRigCharacter_Head;0.07095921;1.573734;-2.205039
QuickRigCharacter_Head;0.06951267;1.57671;-2.203441
QuickRigCharacter_Head;0.06427546;1.578946;-2.199624
QuickRigCharacter_Head;0.01653093;1.589021;-2.181074
QuickRigCharacter_Head;0.01902304;1.595021;-2.180579
QuickRigCharacter_Head;0.01921601;1.598611;-2.180095
QuickRigCharacter_Head;0.01674063;1.601857;-2.179228
QuickRigCharacter_Head;0.01100413;1.603495;-2.178262
QuickRigCharacter_Head;0.0093876;1.604175;-2.178003
QuickRigCharacter_Head;0.01407602;1.605233;-2.17836
QuickRigCharacter_Head;0.02245084;1.610121;-2.179067
QuickRigCharacter_Head;0.008784691;1.606487;-2.177602
QuickRigCharacter_Head;-0.06305528;1.571531;-2.201832
QuickRigCharacter_Head;-0.05737031;1.577689;-2.197074
QuickRigCharacter_Head;-0.05451412;1.581092;-2.194812
QuickRigCharacter_Head;-0.05136355;1.582755;-2.192881
QuickRigCharacter_Head;-0.04938817;1.583837;-2.191724
QuickRigCharacter_Head;-0.04947098;1.583395;-2.191852
QuickRigCharacter_Head;-0.03219526;1.578136;-2.186375
QuickRigCharacter_Head;-0.03284407;1.578456;-2.186504
QuickRigCharacter_Head;-0.03026256;1.578189;-2.185821
QuickRigCharacter_Head;-0.02822926;1.576234;-2.185639
QuickRigCharacter_Head;-0.02665065;1.5759;-2.185308
QuickRigCharacter_Head;0.03186029;1.571602;-2.186759
QuickRigCharacter_Head;0.04640517;1.573955;-2.191254
QuickRigCharacter_Head;0.04601547;1.576648;-2.190649
QuickRigCharacter_Head;0.04750994;1.577751;-2.191103
QuickRigCharacter_Head;0.04809012;1.579933;-2.191062
QuickRigCharacter_Head;0.0299211;1.601303;-2.18205
QuickRigCharacter_Head;0.01997683;1.611884;-2.178329
QuickRigCharacter_Head;0.01624764;1.614193;-2.177362
QuickRigCharacter_Head;0.02284008;1.617922;-2.178053
QuickRigCharacter_Head;0.02765224;1.617692;-2.17923
QuickRigCharacter_Head;0.02782344;1.619596;-2.179014
QuickRigCharacter_Head;0.02492018;1.622702;-2.177861
QuickRigCharacter_Head;0.02327515;1.627052;-2.176877
QuickRigCharacter_Head;0.02249533;1.628052;-2.176565
QuickRigCharacter_Head;0.02392163;1.629957;-2.176624
QuickRigCharacter_Head;0.03903761;1.594887;-2.185695
QuickRigCharacter_Head;0.04153835;1.565878;-2.191088
QuickRigCharacter_Head;0.03939025;1.568948;-2.189608
QuickRigCharacter_Head;0.03724136;1.568086;-2.189083
QuickRigCharacter_Head;0.03497678;1.568462;-2.188296
QuickRigCharacter_Head;0.03627433;1.56506;-2.189506
QuickRigCharacter_Head;0.03566222;1.561353;-2.190326
QuickRigCharacter_Head;0.01307406;1.522058;-2.204982
QuickRigCharacter_Head;0.01107164;1.521483;-2.205184
QuickRigCharacter_Head;0.01061036;1.522448;-2.204423
QuickRigCharacter_Head;0.01142127;1.519359;-2.206857
QuickRigCharacter_Head;0.0153589;1.516911;-2.209365
QuickRigCharacter_Head;0.01544553;1.517654;-2.208761
QuickRigCharacter_Head;0.01150512;1.519173;-2.207013
QuickRigCharacter_Head;-0.03714447;1.507634;-2.226135
Plane;-0.1309099;1.458633;-2.636
Plane;-0.1173039;1.467655;-2.636
Plane;-0.1144967;1.467344;-2.636
Plane;-0.1155307;1.466867;-2.636
Plane;-0.1245088;1.465919;-2.636
QuickRigCharacter_LeftArm;-0.1870952;1.46875;-2.333025
QuickRigCharacter_LeftArm;-0.1865272;1.467175;-2.328457
QuickRigCharacter_LeftArm;-0.184328;1.467479;-2.329505
QuickRigCharacter_LeftArm;-0.1837843;1.468347;-2.332095
QuickRigCharacter_LeftArm;-0.1844454;1.46844;-2.332249
QuickRigCharacter_LeftArm;-0.1849112;1.46818;-2.331409
QuickRigCharacter_LeftArm;-0.1847256;1.469882;-2.33745
QuickRigCharacter_LeftArm;-0.1831063;1.47066;-2.341654
QuickRigCharacter_LeftArm;-0.1799392;1.470474;-2.342225
QuickRigCharacter_Spine2;-0.02795739;1.463677;-2.22602
Plane;0.2605978;1.413315;-2.636
Plane;0.2536459;1.426957;-2.636
Plane;0.2543783;1.427924;-2.636
Plane;0.2572932;1.426634;-2.636
Plane;0.2587218;1.430315;-2.636
Plane;0.2575212;1.435627;-2.636
Plane;0.2537633;1.435206;-2.636
Plane;0.2547976;1.436255;-2.636
Plane;0.2748836;1.433849;-2.636
Plane;0.2871946;1.430965;-2.636
Plane;0.2842806;1.430097;-2.636
Plane;0.2795915;1.428773;-2.636
Plane;0.2763395;1.430943;-2.636
Plane;0.2767349;1.433849;-2.636
Plane;0.2813827;1.436123;-2.636
QuickRigCharacter_RightArm;0.2495513;1.403015;-2.317548
QuickRigCharacter_RightArm;0.2422553;1.374848;-2.300899
QuickRigCharacter_RightArm;0.2387091;1.376413;-2.298322
QuickRigCharacter_RightArm;0.2378398;1.375751;-2.297548
QuickRigCharacter_RightArm;0.2410977;1.374416;-2.299831
QuickRigCharacter_Spine2;0.158326;1.370156;-2.188383
QuickRigCharacter_Spine2;0.1095616;1.367106;-2.188349
QuickRigCharacter_Spine2;0.1058167;1.371181;-2.188394
QuickRigCharacter_Spine2;0.1030982;1.371799;-2.188401
QuickRigCharacter_Spine2;0.1035243;1.372472;-2.188408
QuickRigCharacter_Spine2;0.1060106;1.370915;-2.188391
QuickRigCharacter_Spine2;0.1073378;1.371132;-2.188394
QuickRigCharacter_Spine2;0.07494602;1.373274;-2.188417
QuickRigCharacter_Spine2;-0.02226285;1.359841;-2.188269
QuickRigCharacter_Spine2;-0.02332671;1.361301;-2.188285
QuickRigCharacter_Spine2;-0.01944014;1.362857;-2.188302
QuickRigCharacter_Spine2;-0.01619083;1.364429;-2.18832
QuickRigCharacter_Spine2;-0.0167693;1.365568;-2.188332
QuickRigCharacter_Spine2;-0.02082145;1.366979;-2.188348
QuickRigCharacter_Spine2;-0.07852132;1.344665;-2.188101
QuickRigCharacter_Spine2;-0.09356026;1.338042;-2.188028
QuickRigCharacter_Spine2;-0.09099425;1.339139;-2.18804
QuickRigCharacter_Spine2;-0.08782283;1.339853;-2.188048
QuickRigCharacter_Spine2;-0.08828855;1.338516;-2.188033
QuickRigCharacter_Spine2;-0.09168327;1.335418;-2.187999
QuickRigCharacter_Spine2;-0.1290204;1.286198;-2.187456
QuickRigCharacter_Spine2;-0.1307065;1.257744;-2.187141
QuickRigCharacter_Spine2;-0.1278418;1.261008;-2.187177
QuickRigCharacter_Spine2;-0.1274761;1.262949;-2.187199
QuickRigCharacter_Spine2;-0.1308867;1.263587;-2.187206
QuickRigCharacter_Spine2;-0.1324041;1.264563;-2.187217
QuickRigCharacter_Spine2;-0.1332698;1.265592;-2.187228
QuickRigCharacter_LeftArm;-0.2060684;1.273324;-2.285735
QuickRigCharacter_LeftArm;-0.2250717;1.28393;-2.286417
QuickRigCharacter_LeftArm;-0.2218665;1.287256;-2.285945
QuickRigCharacter_LeftArm;-0.2244408;1.288703;-2.286414
QuickRigCharacter_LeftArm;-0.231277;1.28815;-2.288051
QuickRigCharacter_LeftArm;-0.2335835;1.287347;-2.288732
QuickRigCharacter_LeftArm;-0.2249023;1.290749;-2.286564
QuickRigCharacter_LeftArm;-0.2249463;1.287723;-2.28649
QuickRigCharacter_LeftArm;-0.2267763;1.290249;-2.286961
QuickRigCharacter_LeftArm;-0.2352372;1.266047;-2.288195
QuickRigCharacter_LeftArm;-0.243175;1.192384;-2.287567
QuickRigCharacter_LeftArm;-0.2377095;1.18573;-2.286784
QuickRigCharacter_LeftArm;-0.2361959;1.183974;-2.28668
QuickRigCharacter_LeftArm;-0.2369756;1.183804;-2.286725
QuickRigCharacter_LeftArm;-0.2379791;1.182781;-2.286802
QuickRigCharacter_LeftArm;-0.2391221;1.17914;-2.286874
QuickRigCharacter_LeftForeArm;-0.2512745;1.101232;-2.290143
QuickRigCharacter_LeftForeArm;-0.2576024;1.051931;-2.278049
QuickRigCharacter_LeftForeArm;-0.2568517;1.054288;-2.278612
QuickRigCharacter_LeftForeArm;-0.2565722;1.052053;-2.278064
QuickRigCharacter_LeftForeArm;-0.2579013;1.052054;-2.27809
QuickRigCharacter_LeftForeArm;-0.2608095;1.048298;-2.277311
QuickRigCharacter_LeftForeArm;-0.2664767;1.002503;-2.266027
QuickRigCharacter_LeftForeArm;-0.2466454;0.9005171;-2.253949
QuickRigCharacter_LeftForeArm;-0.2472648;0.903307;-2.253717
QuickRigCharacter_LeftForeArm;-0.2486259;0.909701;-2.253414
QuickRigCharacter_LeftForeArm;-0.2515601;0.9139163;-2.252033
QuickRigCharacter_LeftForeArm;-0.2489299;0.9157599;-2.253997
QuickRigCharacter_LeftForeArm;-0.2452482;0.9156897;-2.256774
QuickRigCharacter_LeftForeArm;-0.2433728;0.9136588;-2.258191
QuickRigCharacter_LeftForeArm;-0.2459113;0.9108914;-2.25568
QuickRigCharacter_LeftForeArm;-0.2484885;0.9115203;-2.253758
QuickRigCharacter_LeftForeArm;-0.2511693;0.9137473;-2.252254
QuickRigCharacter_LeftForeArm;-0.2426593;0.8982041;-2.257604
QuickRigCharacter_LeftForeArm;-0.234544;0.8738578;-2.272729
QuickRigCharacter_LeftForeArm;-0.2351555;0.8730642;-2.270999
QuickRigCharacter_LeftForeArm;-0.236238;0.8737645;-2.267954
QuickRigCharacter_LeftForeArm;-0.2353238;0.8740914;-2.270303
QuickRigCharacter_LeftUpLeg;-0.1104901;0.8767359;-2.236568
QuickRigCharacter_RightUpLeg;0.1393373;0.8873435;-2.280564
QuickRigCharacter_RightUpLeg;0.1475101;0.8831409;-2.301856
QuickRigCharacter_RightUpLeg;0.1461064;0.8846054;-2.295461
QuickRigCharacter_RightUpLeg;0.1453944;0.8851564;-2.29162
QuickRigCharacter_RightUpLeg;0.146875;0.8844889;-2.289488
QuickRigCharacter_RightUpLeg;0.15103;0.8780457;-2.263228
QuickRigCharacter_RightForeArm;0.3279333;0.9013292;-2.245315
QuickRigCharacter_RightForeArm;0.3200454;0.9132123;-2.245074
QuickRigCharacter_RightForeArm;0.3163813;0.9113204;-2.242842
QuickRigCharacter_RightForeArm;0.3140934;0.895716;-2.237199
QuickRigCharacter_RightForeArm;0.316887;0.8763567;-2.232126
QuickRigCharacter_RightForeArm;0.3242153;0.8533454;-2.227087
QuickRigCharacter_RightForeArm;0.3324631;0.8412771;-2.22622
QuickRigCharacter_RightForeArm;0.3282039;0.8446622;-2.225645
QuickRigCharacter_RightUpLeg;0.1822934;0.8271524;-2.244781
QuickRigCharacter_RightUpLeg;0.08339799;0.8577335;-2.221165
QuickRigCharacter_RightUpLeg;0.07691118;0.863591;-2.229203
QuickRigCharacter_RightUpLeg;0.07642271;0.8575295;-2.223912
QuickRigCharacter_RightUpLeg;0.07752368;0.8414857;-2.212968
QuickRigCharacter_RightUpLeg;0.07881982;0.8236904;-2.206008
QuickRigCharacter_RightUpLeg;0.07891064;0.8219098;-2.205546
QuickRigCharacter_RightUpLeg;0.07336564;0.8340698;-2.211415
QuickRigCharacter_RightUpLeg;0.06692289;0.8450865;-2.220117
QuickRigCharacter_RightUpLeg;0.03385621;0.8192905;-2.239587
QuickRigCharacter_RightUpLeg;0.02893247;0.8103056;-2.245499
QuickRigCharacter_RightUpLeg;0.03220959;0.8071879;-2.239697
QuickRigCharacter_RightUpLeg;0.03092143;0.8083057;-2.241816
Plane;0.01358278;0.6401864;-2.636
QuickRigCharacter_LeftUpLeg;-0.052209;0.7516587;-2.227504
QuickRigCharacter_LeftUpLeg;-0.1069096;0.5632041;-2.229625
QuickRigCharacter_LeftUpLeg;-0.05949347;0.4911063;-2.298358
QuickRigCharacter_LeftUpLeg;-0.06708869;0.4859145;-2.281066
QuickRigCharacter_LeftUpLeg;-0.0782593;0.4859855;-2.264401
QuickRigCharacter_LeftUpLeg;-0.08305306;0.4685501;-2.263565
QuickRigCharacter_LeftUpLeg;-0.08302986;0.4531001;-2.271086
QuickRigCharacter_LeftUpLeg;-0.086609;0.4383173;-2.279445
QuickRigCharacter_LeftLeg;-0.09167381;0.4135029;-2.309345
QuickRigCharacter_LeftLeg;-0.09432705;0.4071125;-2.303079
QuickRigCharacter_LeftLeg;-0.09827887;0.3973981;-2.298161
QuickRigCharacter_LeftLeg;-0.09971876;0.3885472;-2.299305
QuickRigCharacter_LeftLeg;-0.1040446;0.3735035;-2.298487
QuickRigCharacter_LeftLeg;-0.1072123;0.3616222;-2.298502
QuickRigCharacter_LeftLeg;-0.1081593;0.362897;-2.296842
QuickRigCharacter_LeftLeg;-0.1087957;0.3661053;-2.294966
QuickRigCharacter_LeftLeg;-0.1081379;0.3666807;-2.295557
QuickRigCharacter_LeftLeg;-0.1090252;0.3667749;-2.294466
QuickRigCharacter_LeftLeg;-0.09945633;0.3532131;-2.315329
QuickRigCharacter_LeftLeg;-0.1381527;0.384932;-2.270237
QuickRigCharacter_LeftLeg;-0.1542017;0.3285246;-2.279084
QuickRigCharacter_LeftLeg;-0.154066;0.2634943;-2.293712
QuickRigCharacter_LeftLeg;-0.1553981;0.2506665;-2.296292
QuickRigCharacter_LeftLeg;-0.1521705;0.2540297;-2.296562
QuickRigCharacter_LeftLeg;-0.1505216;0.2738001;-2.29242
QuickRigCharacter_LeftLeg;-0.1526729;0.2680494;-2.293068
QuickRigCharacter_LeftLeg;-0.1548988;0.2636624;-2.293427
Plane;-0.07610767;0.05106902;-2.636
Plane;0.1031296;0.05430877;-2.636
Plane;0.1029429;0.0476774;-2.636
Plane;0.1015168;0.0419026;-2.636
Plane;0.1015703;0.05335009;-2.636
Plane;0.102534;0.05152297;-2.636
Plane;0.1047195;0.04599994;-2.636
QuickRigCharacter_RightLeg;0.2089239;0.2710488;-2.299104
QuickRigCharacter_RightLeg;0.2070088;0.2746732;-2.297565
QuickRigCharacter_RightLeg;0.2032374;0.2750157;-2.295571
QuickRigCharacter_RightLeg;0.1990529;0.2772145;-2.293401
QuickRigCharacter_RightLeg;0.2002999;0.2850237;-2.29283
QuickRigCharacter_RightLeg;0.1247434;0.2584435;-2.313161
Plane;-0.1153795;0.01199734;-2.636
Plane;-0.1200681;0.02053803;-2.636
Plane;-0.1240935;0.02114272;-2.636
Plane;-0.1256695;0.01468587;-2.636
Plane;-0.1256661;0.005124927;-2.636
Plane;-0.1238226;0.007550299;-2.636
QuickRigCharacter_LeftLeg;-0.1293595;0.2117867;-2.323575
QuickRigCharacter_LeftLeg;-0.1436854;0.2177305;-2.309845
QuickRigCharacter_LeftLeg;-0.1533436;0.2233038;-2.30356
QuickRigCharacter_LeftLeg;-0.145913;0.2255903;-2.30646
QuickRigCharacter_LeftLeg;-0.1419159;0.2205509;-2.310191
QuickRigCharacter_LeftLeg;-0.1395444;0.2277981;-2.30976
QuickRigCharacter_LeftLeg;-0.1454039;0.2511755;-2.300089
QuickRigCharacter_LeftLeg;-0.1500427;0.2512087;-2.298041
QuickRigCharacter_LeftLeg;-0.1491653;0.2525864;-2.298055
QuickRigCharacter_LeftLeg;-0.1428732;0.253455;-2.300797
QuickRigCharacter_LeftLeg;-0.1409318;0.2519552;-2.302262
QuickRigCharacter_LeftLeg;-0.1422472;0.2531658;-2.301199
QuickRigCharacter_LeftLeg;-0.1443411;0.2592466;-2.298543
QuickRigCharacter_LeftLeg;-0.1434374;0.2649719;-2.297516
QuickRigCharacter_LeftLeg;-0.1298348;0.416958;-2.269385
QuickRigCharacter_LeftUpLeg;-0.1027648;0.7641352;-2.203068
QuickRigCharacter_LeftUpLeg;-0.103031;0.7899231;-2.199995
QuickRigCharacter_LeftUpLeg;-0.1054141;0.7930961;-2.199542
QuickRigCharacter_LeftUpLeg;-0.107684;0.7972119;-2.199128
QuickRigCharacter_LeftUpLeg;-0.1069065;0.796396;-2.199197
QuickRigCharacter_LeftUpLeg;-0.1022649;0.7954456;-2.199423
QuickRigCharacter_LeftUpLeg;-0.09975991;0.8028306;-2.19924
QuickRigCharacter_LeftUpLeg;-0.1026016;0.8035681;-2.199034
Plane;0.00146183;0.6455663;-2.636
QuickRigCharacter_RightUpLeg;0.1873945;0.8317796;-2.25861
QuickRigCharacter_RightForeArm;0.2610824;0.8594995;-2.257174
QuickRigCharacter_RightForeArm;0.2623132;0.86595;-2.254169
QuickRigCharacter_RightForeArm;0.2601746;0.8660045;-2.257989
QuickRigCharacter_RightForeArm;0.2566843;0.864268;-2.267327
QuickRigCharacter_RightForeArm;0.25446;0.8698406;-2.273496
QuickRigCharacter_RightForeArm;0.2546901;0.8712535;-2.271438
QuickRigCharacter_RightForeArm;0.2581368;0.871219;-2.2614
QuickRigCharacter_RightUpLeg;0.2245609;0.5785139;-2.294839
QuickRigCharacter_RightUpLeg;0.2104799;0.4434218;-2.276872
QuickRigCharacter_RightUpLeg;0.2074399;0.4438069;-2.272685
QuickRigCharacter_RightUpLeg;0.207791;0.4435961;-2.273277
QuickRigCharacter_RightUpLeg;0.2107839;0.440606;-2.280199
QuickRigCharacter_RightUpLeg;0.2112344;0.4403816;-2.281121
QuickRigCharacter_RightUpLeg;0.2108647;0.4394676;-2.28161
QuickRigCharacter_RightLeg;0.2121823;0.4255834;-2.292674
Plane;0.270653;0.1747084;-2.636
QuickRigCharacter_RightLeg;0.2347513;0.3294728;-2.32959
Plane;0.2700577;0.1471593;-2.636
Plane;0.2719499;0.1523997;-2.636
QuickRigCharacter_RightLeg;0.2323631;0.3394361;-2.324222
QuickRigCharacter_RightLeg;0.2203087;0.3423334;-2.302744
QuickRigCharacter_RightLeg;0.2178442;0.3262924;-2.300774
QuickRigCharacter_RightLeg;0.2242835;0.3182575;-2.308689
QuickRigCharacter_RightLeg;0.2256178;0.3152761;-2.310572
QuickRigCharacter_RightLeg;0.2235596;0.3179997;-2.307771
QuickRigCharacter_RightLeg;0.2436243;0.2405228;-2.340756
QuickRigCharacter_RightLeg;0.2436907;0.2412289;-2.340976
QuickRigCharacter_RightLeg;0.2401175;0.2397785;-2.333319
QuickRigCharacter_RightLeg;0.2412915;0.2370968;-2.33542
QuickRigCharacter_RightLeg;0.2411226;0.2356617;-2.33504
QuickRigCharacter_RightLeg;0.2410146;0.2343199;-2.334782
QuickRigCharacter_RightLeg;0.24024;0.2374177;-2.333468
QuickRigCharacter_RightLeg;0.2408913;0.237136;-2.33466
QuickRigCharacter_RightLeg;0.2427118;0.2372259;-2.338344
Plane;0.2760648;0.2165951;-2.636
QuickRigCharacter_RightForeArm;0.3011171;0.8026732;-2.216165
QuickRigCharacter_RightForeArm;0.299749;0.8049579;-2.217105
QuickRigCharacter_RightForeArm;0.2979269;0.8076704;-2.218345
QuickRigCharacter_RightForeArm;0.298156;0.8096647;-2.218567
QuickRigCharacter_RightForeArm;0.2981159;0.8138672;-2.219271
QuickRigCharacter_RightForeArm;0.2969634;0.8214656;-2.221014
QuickRigCharacter_RightForeArm;0.2952129;0.824029;-2.222185
QuickRigCharacter_RightForeArm;0.2977701;0.8241658;-2.22117
QuickRigCharacter_RightForeArm;0.3200602;0.827493;-2.218856
QuickRigCharacter_RightForeArm;0.3234961;0.8282892;-2.219512
QuickRigCharacter_RightForeArm;0.3262445;0.828806;-2.220214
QuickRigCharacter_RightForeArm;0.3239391;0.8319357;-2.220648
QuickRigCharacter_RightForeArm;0.3205465;0.8337336;-2.220601
QuickRigCharacter_RightForeArm;0.3196377;0.8375584;-2.221539
QuickRigCharacter_RightForeArm;0.3245454;0.8392233;-2.222914
QuickRigCharacter_RightForeArm;0.3265741;0.8405163;-2.223836
QuickRigCharacter_RightForeArm;0.3253167;0.844153;-2.224584
QuickRigCharacter_RightForeArm;0.3223876;0.8455296;-2.224276
QuickRigCharacter_RightForeArm;0.3213211;0.8478795;-2.224733
QuickRigCharacter_RightForeArm;0.321944;0.849373;-2.2253
QuickRigCharacter_RightForeArm;0.3216358;0.8479832;-2.224839
QuickRigCharacter_RightForeArm;0.3327546;0.9302755;-2.262305
QuickRigCharacter_RightForeArm;0.3009959;1.061499;-2.289148
QuickRigCharacter_RightForeArm;0.2958067;1.076391;-2.291009
QuickRigCharacter_RightForeArm;0.2959291;1.074659;-2.29041
QuickRigCharacter_RightForeArm;0.2997902;1.071116;-2.292213
QuickRigCharacter_RightForeArm;0.3037391;1.072595;-2.296995
QuickRigCharacter_RightForeArm;0.3040782;1.076006;-2.299106
QuickRigCharacter_RightForeArm;0.2986479;1.079131;-2.294608
QuickRigCharacter_RightArm;0.2706147;1.201976;-2.291655
QuickRigCharacter_RightArm;0.2724294;1.220614;-2.295382
QuickRigCharacter_RightArm;0.2888227;1.224044;-2.311303
QuickRigCharacter_RightArm;0.2821929;1.233244;-2.30616
QuickRigCharacter_RightArm;0.2763297;1.235089;-2.300969
QuickRigCharacter_RightArm;0.2713626;1.237859;-2.297562
QuickRigCharacter_RightArm;0.2708157;1.24147;-2.297802
QuickRigCharacter_RightArm;0.2805715;1.248824;-2.308572
QuickRigCharacter_RightArm;0.282535;1.248255;-2.310797
QuickRigCharacter_RightArm;0.2781196;1.250244;-2.306229
QuickRigCharacter_RightArm;0.2723628;1.251979;-2.301094
QuickRigCharacter_RightArm;0.2724643;1.253799;-2.301574
QuickRigCharacter_RightArm;0.270739;1.280312;-2.30615
QuickRigCharacter_RightArm;0.2271285;1.405172;-2.295079
QuickRigCharacter_RightArm;0.2255928;1.412215;-2.295581
QuickRigCharacter_RightArm;0.2223991;1.417235;-2.295231
QuickRigCharacter_RightArm;0.2200809;1.419045;-2.294635
QuickRigCharacter_RightArm;0.2187195;1.421804;-2.295056
QuickRigCharacter_RightArm;0.2198056;1.41851;-2.294287
QuickRigCharacter_RightArm;0.2205326;1.416525;-2.293964
QuickRigCharacter_RightArm;0.221469;1.420378;-2.29591
QuickRigCharacter_RightArm;0.2177245;1.427642;-2.297432
QuickRigCharacter_RightArm;0.2183699;1.439677;-2.306515
QuickRigCharacter_Spine2;0.1142856;1.41047;-2.188828
QuickRigCharacter_Spine2;0.0504719;1.39529;-2.18866
QuickRigCharacter_Spine2;0.05234487;1.401903;-2.188733
QuickRigCharacter_Spine2;0.04860516;1.409168;-2.188814
QuickRigCharacter_Spine2;0.04651656;1.416909;-2.188899
QuickRigCharacter_Spine2;-0.05808838;1.417477;-2.188905
QuickRigCharacter_Spine2;-0.05572858;1.42828;-2.189025
QuickRigCharacter_Spine2;-0.05337889;1.428627;-2.189029
QuickRigCharacter_Spine2;-0.05182522;1.427005;-2.189011
QuickRigCharacter_Spine2;-0.05195292;1.41992;-2.188932
QuickRigCharacter_Spine2;-0.05303212;1.416758;-2.188898
QuickRigCharacter_Spine2;-0.05493007;1.415662;-2.188885
QuickRigCharacter_Spine2;-0.05516595;1.419585;-2.188929
QuickRigCharacter_Spine2;-0.05686856;1.404628;-2.188763
QuickRigCharacter_Spine2;-0.06091222;1.381251;-2.188505
QuickRigCharacter_Spine2;-0.05948871;1.37219;-2.188405
QuickRigCharacter_Spine2;-0.07602549;1.396073;-2.188669
QuickRigCharacter_Spine2;-0.0769112;1.397747;-2.188688
QuickRigCharacter_Spine2;-0.07428301;1.39243;-2.188629
QuickRigCharacter_Spine2;-0.07255132;1.39121;-2.188615
QuickRigCharacter_Spine2;-0.07235602;1.395271;-2.18866
QuickRigCharacter_Spine2;-0.07361609;1.398685;-2.188698
QuickRigCharacter_Spine2;-0.07619517;1.396748;-2.188676
QuickRigCharacter_Spine2;-0.07394842;1.399082;-2.188702
QuickRigCharacter_Spine2;-0.07285846;1.39656;-2.188674
QuickRigCharacter_Spine2;-0.07300806;1.365022;-2.188326
QuickRigCharacter_Spine2;-0.07157088;1.233088;-2.186869
QuickRigCharacter_Spine2;-0.0727843;1.233975;-2.186879
QuickRigCharacter_Spine2;-0.07176271;1.234789;-2.186888
QuickRigCharacter_Spine2;-0.07035844;1.240368;-2.186949
QuickRigCharacter_Spine2;-0.07150629;1.24233;-2.186971
QuickRigCharacter_Spine2;-0.07620183;1.243148;-2.18698
QuickRigCharacter_Spine2;-0.07698844;1.242747;-2.186976
QuickRigCharacter_Spine2;-0.07192679;1.242096;-2.186969
QuickRigCharacter_Spine2;-0.06240458;1.239445;-2.186939
QuickRigCharacter_Spine2;-0.04990941;1.239527;-2.18694
QuickRigCharacter_Spine1;0.008520383;1.167578;-2.184714
QuickRigCharacter_Spine1;0.04868688;1.080308;-2.177525
QuickRigCharacter_Spine1;0.04034714;1.082851;-2.177735
QuickRigCharacter_Spine1;0.03822176;1.084792;-2.177895
QuickRigCharacter_Spine1;0.04068645;1.083669;-2.177802
QuickRigCharacter_Spine1;0.0255281;1.073887;-2.176996
QuickRigCharacter_Spine1;-0.01106511;1.053222;-2.175294
QuickRigCharacter_Spine1;-0.01577545;1.054588;-2.175407
QuickRigCharacter_Spine1;-0.02038067;1.055323;-2.175467
QuickRigCharacter_Spine1;-0.02045802;1.058262;-2.175709
QuickRigCharacter_Spine1;-0.01732209;1.057995;-2.175688
QuickRigCharacter_Spine1;-0.01357262;1.054248;-2.175379
QuickRigCharacter_Spine1;-0.01555198;1.055303;-2.175466
QuickRigCharacter_Spine1;-0.03000591;1.09733;-2.178927
QuickRigCharacter_Spine2;-0.03883621;1.269469;-2.187271
QuickRigCharacter_Spine2;-0.03507665;1.274075;-2.187322
QuickRigCharacter_Spine2;-0.02930497;1.2828;-2.187418
QuickRigCharacter_Spine2;-0.02998521;1.287742;-2.187473
QuickRigCharacter_Spine2;-0.03120603;1.292504;-2.187525
QuickRigCharacter_Spine2;-0.01331273;1.318143;-2.187809
QuickRigCharacter_Head;0.05849574;1.556484;-2.201927
QuickRigCharacter_Head;0.06709938;1.616746;-2.197579
QuickRigCharacter_Head;0.06722124;1.619034;-2.197439
QuickRigCharacter_Head;0.06718604;1.622689;-2.197057
Plane;0.1440374;1.552061;-2.636
Plane;0.2985612;1.439373;-2.636
Plane;0.2961808;1.439079;-2.636
Plane;0.2985822;1.444262;-2.636
Plane;0.3002136;1.450716;-2.636
Plane;0.2954833;1.454701;-2.636
Plane;0.2905667;1.452302;-2.636
Plane;0.2899972;1.451986;-2.636
Plane;0.2955281;1.450086;-2.636
Plane;0.2974528;1.447784;-2.636
Plane;0.294524;1.446404;-2.636
Plane;0.2889664;1.445004;-2.636
Plane;0.2837513;1.444631;-2.636
Plane;0.2853527;1.444486;-2.636
QuickRigCharacter_Spine2;0.1397282;1.457935;-2.320306
QuickRigCharacter_Spine2;-0.09878719;1.448911;-2.189253
QuickRigCharacter_Spine2;-0.1147498;1.459616;-2.189371
QuickRigCharacter_Spine2;-0.1097801;1.465082;-2.189431
QuickRigCharacter_Spine2;-0.1108617;1.466306;-2.198411
QuickRigCharacter_Spine2;-0.1125921;1.465982;-2.232104
QuickRigCharacter_Spine2;-0.1130743;1.465878;-2.242746
Plane;-0.2101261;1.431372;-2.636
Plane;-0.2262958;1.431297;-2.636
Plane;-0.224713;1.438918;-2.636
Plane;-0.2184546;1.446031;-2.636
Plane;-0.2140173;1.446234;-2.636
Plane;-0.2102756;1.4449;-2.636
Plane;-0.2114279;1.444822;-2.636
Plane;-0.216779;1.440379;-2.636
Plane;-0.2232642;1.438463;-2.636
Plane;-0.221609;1.433048;-2.636
QuickRigCharacter_LeftArm;-0.2029184;1.470025;-2.356932
QuickRigCharacter_LeftArm;-0.2029628;1.469657;-2.345773
Plane;-0.2055082;1.43018;-2.636
Plane;-0.2089347;1.437163;-2.636
QuickRigCharacter_Spine2;-0.08070491;1.465517;-2.193226
QuickRigCharacter_RightArm;0.2120429;1.445222;-2.308505
QuickRigCharacter_RightArm;0.2141334;1.454506;-2.323016
QuickRigCharacter_RightArm;0.2148559;1.460326;-2.340303
Plane;0.2547362;1.421039;-2.636
Plane;0.2577265;1.427137;-2.636
Plane;0.2571559;1.431532;-2.636
Plane;0.2566322;1.432745;-2.636
Plane;0.2575841;1.434453;-2.636
Plane;0.2597552;1.4373;-2.636
Plane;0.2608572;1.441566;-2.636
Plane;0.2602361;1.444512;-2.636
Plane;0.2660765;1.441309;-2.636
Plane;0.2948984;1.432632;-2.636
Plane;0.2898152;1.438497;-2.636
Plane;0.2867092;1.440494;-2.636
Plane;0.2833855;1.441904;-2.636
Plane;0.2806848;1.444825;-2.636
QuickRigCharacter_Spine2;0.0727096;1.459603;-2.339345
QuickRigCharacter_Spine2;-0.1270835;1.453728;-2.189306
QuickRigCharacter_Spine2;-0.1273197;1.45943;-2.189369
QuickRigCharacter_Spine2;-0.1284281;1.459983;-2.189375
QuickRigCharacter_Spine2;-0.1283383;1.462876;-2.189407
QuickRigCharacter_Spine2;-0.1265087;1.466255;-2.189444
QuickRigCharacter_Spine2;-0.1271321;1.466758;-2.198752
Plane;-0.1796951;1.433871;-2.636
Plane;-0.2050186;1.445064;-2.636
Plane;-0.2052438;1.447628;-2.636
Plane;-0.2022859;1.448602;-2.636
Plane;-0.1996651;1.449218;-2.636
Plane;-0.2010125;1.447749;-2.636
Plane;-0.2026883;1.450611;-2.636
Plane;-0.2018792;1.455783;-2.636
Plane;-0.2000556;1.45917;-2.636
Plane;-0.1979684;1.456783;-2.636
QuickRigCharacter_Spine2;-0.0407145;1.437415;-2.189126
QuickRigCharacter_Spine2;-0.0404264;1.446698;-2.189228
QuickRigCharacter_Spine2;-0.04329408;1.453421;-2.189302
QuickRigCharacter_Spine2;-0.04884304;1.454226;-2.189311
QuickRigCharacter_Spine2;-0.04992126;1.456415;-2.189336
QuickRigCharacter_Spine2;-0.0468574;1.461073;-2.189387
QuickRigCharacter_Spine2;-0.05059686;1.460965;-2.189386
QuickRigCharacter_Spine2;-0.1334794;1.446702;-2.189228
QuickRigCharacter_LeftArm;-0.1871199;1.456162;-2.309405
QuickRigCharacter_LeftArm;-0.1888846;1.457821;-2.311555
QuickRigCharacter_LeftArm;-0.1879889;1.460224;-2.314941
QuickRigCharacter_LeftArm;-0.1862285;1.464303;-2.32201
QuickRigCharacter_LeftArm;-0.186651;1.465195;-2.323831
QuickRigCharacter_LeftArm;-0.1846595;1.464385;-2.322278
QuickRigCharacter_LeftArm;-0.1806404;1.462608;-2.319528
QuickRigCharacter_LeftArm;-0.1801569;1.466701;-2.328335
Plane;-0.1716777;1.43454;-2.636
Plane;-0.1705765;1.438339;-2.636
Plane;-0.1703923;1.439599;-2.636
Plane;-0.1716782;1.440362;-2.636
Plane;-0.1888502;1.457734;-2.636
Plane;-0.1703559;1.459242;-2.636
Plane;-0.1588527;1.446792;-2.636
QuickRigCharacter_Spine2;-0.1416401;1.465978;-2.306171
QuickRigCharacter_Spine2;-0.1464651;1.465565;-2.355863
Plane;-0.1613362;1.445973;-2.636
Plane;-0.18207;1.447058;-2.636
Plane;-0.1867828;1.437303;-2.636
QuickRigCharacter_LeftArm;-0.1903465;1.470252;-2.339065
QuickRigCharacter_LeftArm;-0.1990133;1.466466;-2.329251
QuickRigCharacter_LeftArm;-0.2064011;1.466863;-2.335819
QuickRigCharacter_LeftArm;-0.2089525;1.461995;-2.324875
QuickRigCharacter_LeftArm;-0.2022761;1.446963;-2.302087
QuickRigCharacter_LeftArm;-0.1996107;1.447105;-2.301507
QuickRigCharacter_LeftArm;-0.1970722;1.438545;-2.294685
QuickRigCharacter_Spine2;0.04592713;1.446248;-2.189223
QuickRigCharacter_Spine2;0.06865146;1.450309;-2.189268
QuickRigCharacter_Spine2;0.05738986;1.449162;-2.189255
QuickRigCharacter_Spine2;0.0546167;1.437675;-2.189128
QuickRigCharacter_Spine2;0.05767129;1.439775;-2.189152
QuickRigCharacter_Spine2;0.07077029;1.435688;-2.189106
Plane;0.1989259;1.43044;-2.636
Plane;0.2220592;1.429224;-2.636
Plane;0.2277416;1.430726;-2.636
Plane;0.2347528;1.43457;-2.636
Plane;0.2380795;1.437276;-2.636
Plane;0.2382162;1.445272;-2.636
Plane;0.2328698;1.450192;-2.636
Plane;0.2304825;1.453367;-2.636
Plane;0.2602331;1.444019;-2.636
Plane;0.2822163;1.440142;-2.636
Plane;0.2808214;1.444127;-2.636
Plane;0.279585;1.451248;-2.636
Plane;0.27943;1.451856;-2.636
Plane;0.2795932;1.453368;-2.636
Plane;0.2792655;1.455587;-2.636
Plane;0.2777019;1.45662;-2.636
Plane;0.272514;1.455975;-2.636
QuickRigCharacter_Spine2;-0.06799415;1.458345;-2.189357
QuickRigCharacter_LeftArm;-0.1937222;1.449255;-2.302406
QuickRigCharacter_LeftArm;-0.1892887;1.46292;-2.319414
Plane;-0.1883489;1.432734;-2.636
Plane;-0.1884613;1.434037;-2.636
Plane;-0.191532;1.436881;-2.636
Plane;-0.1943889;1.442122;-2.636
Plane;-0.1933662;1.437935;-2.636
Plane;-0.1910244;1.434696;-2.636
Plane;-0.1888065;1.433294;-2.636
QuickRigCharacter_LeftArm;-0.1937481;1.471539;-2.352887
Plane;-0.1950789;1.430542;-2.636
Plane;-0.199837;1.431451;-2.636
QuickRigCharacter_LeftArm;-0.2043034;1.469468;-2.346951
QuickRigCharacter_LeftArm;-0.2043449;1.469448;-2.346817
QuickRigCharacter_LeftArm;-0.2022344;1.465039;-2.327309
QuickRigCharacter_LeftArm;-0.1990989;1.467233;-2.331461
Plane;-0.1948469;1.432711;-2.636
Plane;-0.1932045;1.431971;-2.636
Plane;-0.1934481;1.4317;-2.636
Plane;-0.1989992;1.433757;-2.636
QuickRigCharacter_LeftArm;-0.2037957;1.452108;-2.307623
QuickRigCharacter_LeftArm;-0.200441;1.432062;-2.291705
Plane;-0.1920472;1.436343;-2.636
Plane;-0.1791563;1.435331;-2.636
Plane;-0.1818164;1.437976;-2.636
Plane;-0.1825467;1.44158;-2.636
Plane;-0.1828684;1.44672;-2.636
Plane;-0.182699;1.45394;-2.636
Plane;-0.1887117;1.461021;-2.636
Plane;-0.1926876;1.452951;-2.636
Plane;-0.1906998;1.456815;-2.636
Plane;-0.1912062;1.462962;-2.636
Plane;-0.1969195;1.461053;-2.636
Plane;-0.1979974;1.461337;-2.636
Plane;-0.1943586;1.464835;-2.636
Plane;-0.1911509;1.464421;-2.636
Plane;-0.191827;1.46356;-2.636
Plane;-0.1950786;1.466333;-2.636
Plane;-0.1970986;1.466156;-2.636
Plane;-0.1941812;1.465388;-2.636
Plane;-0.1928663;1.460583;-2.636
Plane;-0.1994474;1.455756;-2.636
Plane;-0.2051665;1.450405;-2.636
Plane;-0.206183;1.451218;-2.636
Plane;-0.2019734;1.450121;-2.636
Plane;-0.1960387;1.457176;-2.636
Plane;-0.1971423;1.461894;-2.636
Plane;-0.2240186;1.434539;-2.636
Plane;-0.2319866;1.428226;-2.636
Plane;-0.2315433;1.426926;-2.636
Plane;-0.2281786;1.425815;-2.636
Plane;-0.2238605;1.426381;-2.636
Plane;-0.2244089;1.429625;-2.636
Plane;-0.1933326;1.434286;-2.636
Plane;-0.1757992;1.440371;-2.636
Plane;-0.1742606;1.440936;-2.636
Plane;-0.1720733;1.437313;-2.636
Plane;-0.1702991;1.436701;-2.636
Plane;-0.1742792;1.432692;-2.636
Plane;-0.1798772;1.434583;-2.636
Plane;-0.1795225;1.435954;-2.636
Plane;-0.2071572;1.436698;-2.636
Plane;-0.2022423;1.439528;-2.636
Plane;-0.2037903;1.438852;-2.636
Plane;-0.2055728;1.435114;-2.636
Plane;-0.2051564;1.432357;-2.636
Plane;-0.2025829;1.440246;-2.636
Plane;-0.2014514;1.445913;-2.636
Plane;-0.2051744;1.44069;-2.636
Plane;-0.2084066;1.437766;-2.636
QuickRigCharacter_LeftArm;-0.1940023;1.466695;-2.328021
QuickRigCharacter_Spine2;-0.1049195;1.420165;-2.188935
QuickRigCharacter_Spine2;-0.08475193;1.406467;-2.188784
QuickRigCharacter_Spine2;-0.08436691;1.40418;-2.188758
QuickRigCharacter_Spine2;-0.09400716;1.419646;-2.188929
QuickRigCharacter_Spine2;-0.09113589;1.428923;-2.189032
QuickRigCharacter_Spine2;-0.08561902;1.430305;-2.189047
QuickRigCharacter_Spine2;-0.07973601;1.430012;-2.189044
QuickRigCharacter_Spine2;-0.07726505;1.42844;-2.189026
QuickRigCharacter_Spine2;-0.08108117;1.429235;-2.189035
QuickRigCharacter_Spine2;-0.1018169;1.429215;-2.189035
QuickRigCharacter_LeftArm;-0.1941632;1.442267;-2.296759
QuickRigCharacter_LeftArm;-0.2032888;1.454106;-2.30971
QuickRigCharacter_LeftArm;-0.2043705;1.453618;-2.309561
QuickRigCharacter_LeftArm;-0.2041636;1.447233;-2.302915
QuickRigCharacter_LeftArm;-0.2065751;1.448313;-2.304773
QuickRigCharacter_LeftArm;-0.2060095;1.448329;-2.304562
QuickRigCharacter_LeftArm;-0.2031513;1.450119;-2.305314
QuickRigCharacter_LeftArm;-0.1960699;1.449698;-2.303184
QuickRigCharacter_Spine2;0.04211242;1.44584;-2.189219
QuickRigCharacter_Spine2;0.0893641;1.459079;-2.189365
QuickRigCharacter_Spine2;0.09964404;1.459722;-2.260268
QuickRigCharacter_Spine2;0.1151288;1.458422;-2.338619
QuickRigCharacter_Spine2;0.1199571;1.458148;-2.351203
QuickRigCharacter_Spine2;0.124335;1.457129;-2.432333
Plane;0.1377038;1.443279;-2.636
Plane;0.2165808;1.427976;-2.636
Plane;0.2429112;1.425814;-2.636
Plane;0.2490274;1.430205;-2.636
Plane;0.2535311;1.436723;-2.636
Plane;0.2532006;1.440449;-2.636
Plane;0.2465058;1.444033;-2.636
Plane;0.2434992;1.445875;-2.636
Plane;0.3008784;1.443054;-2.636
Plane;0.2989638;1.446428;-2.636
Plane;0.2967478;1.447562;-2.636
Plane;0.2961482;1.444897;-2.636
Plane;0.2961808;1.446568;-2.636
Plane;0.2969297;1.451339;-2.636
Plane;0.2968892;1.452712;-2.636
Plane;0.2988177;1.453671;-2.636
Plane;0.3014522;1.452794;-2.636
Plane;0.3009679;1.452898;-2.636
Plane;0.2989319;1.444651;-2.636
Plane;0.300618;1.44127;-2.636
Plane;0.3041962;1.441303;-2.636
Plane;0.3020517;1.446542;-2.636
Plane;0.2786439;1.439984;-2.636
Plane;0.2420238;1.421672;-2.636
Plane;0.2470568;1.426957;-2.636
Plane;0.2481171;1.427033;-2.636
Plane;0.244588;1.430609;-2.636
Plane;0.2405832;1.431659;-2.636
Plane;0.2393091;1.431431;-2.636
Plane;0.2476941;1.429817;-2.636
Plane;0.2607277;1.429598;-2.636
Plane;0.2589012;1.431531;-2.636
Plane;0.2564556;1.432091;-2.636
Plane;0.2548296;1.430564;-2.636
Plane;0.2574487;1.430249;-2.636
Plane;0.2605527;1.431647;-2.636
Plane;0.2692163;1.432284;-2.636
Plane;0.2805247;1.428981;-2.636
Plane;0.2775262;1.426556;-2.636
Plane;0.2778727;1.421435;-2.636
Plane;0.279431;1.424377;-2.636
Plane;0.2778203;1.429;-2.636
Plane;0.2744144;1.430157;-2.636
Plane;0.2711081;1.430771;-2.636
Plane;0.2728053;1.433618;-2.636
Plane;0.2932393;1.424759;-2.636
Plane;0.302273;1.421008;-2.636
Plane;0.298351;1.419692;-2.636
Plane;0.2964904;1.41901;-2.636
Plane;0.2984927;1.420277;-2.636
Plane;0.303093;1.420478;-2.636
Plane;0.3046888;1.421609;-2.636
Plane;0.3019866;1.417907;-2.636
Plane;0.2985312;1.415883;-2.636
Plane;0.2979499;1.418436;-2.636
Plane;0.3005776;1.418449;-2.636
Plane;0.3010947;1.415311;-2.636
Plane;0.2998129;1.415195;-2.636
Plane;0.2962696;1.418688;-2.636
Plane;0.295586;1.420003;-2.636
QuickRigCharacter_Head;0.0352235;1.686876;-2.172648
QuickRigCharacter_Head;0.03635133;1.686798;-2.173099
QuickRigCharacter_Head;0.03291357;1.716384;-2.171766
QuickRigCharacter_Head;0.02778697;1.718522;-2.170314
QuickRigCharacter_Head;0.02587909;1.723733;-2.170618
QuickRigCharacter_Head;0.03005531;1.729521;-2.173265
QuickRigCharacter_Head;0.03355415;1.732785;-2.175423
QuickRigCharacter_Head;0.006888596;1.744367;-2.172431
QuickRigCharacter_Head;0.001696629;1.752454;-2.175287
QuickRigCharacter_Head;0.0007093005;1.755887;-2.176877
QuickRigCharacter_Head;0.001757525;1.758486;-2.178332
QuickRigCharacter_Head;0.003320707;1.76463;-2.182055
QuickRigCharacter_Head;0.002311858;1.782159;-2.195184
QuickRigCharacter_Head;0.0009012069;1.817288;-2.252772
Plane;0.01852462;1.86251;-2.636
QuickRigCharacter_Head;0.001954907;1.797452;-2.211995
QuickRigCharacter_Head;0.00254006;1.767884;-2.184057
QuickRigCharacter_Head;0.005260766;1.741069;-2.171007
QuickRigCharacter_Head;0.008157912;1.740687;-2.171258
QuickRigCharacter_Head;0.005378815;1.743405;-2.171873
QuickRigCharacter_Head;0.001101529;1.744783;-2.171959
QuickRigCharacter_Head;-0.002782342;1.742053;-2.170691
QuickRigCharacter_Head;-0.003240353;1.738928;-2.169598
QuickRigCharacter_Head;-0.001684751;1.741833;-2.170671
QuickRigCharacter_Head;-0.002660481;1.751986;-2.174762
QuickRigCharacter_Head;-0.003024805;1.757421;-2.177428
QuickRigCharacter_Head;0.001740096;1.766232;-2.1829
QuickRigCharacter_Head;0.005723101;1.773659;-2.188566
QuickRigCharacter_Head;0.004789354;1.797455;-2.212456
QuickRigCharacter_Head;0.002445498;1.812553;-2.238944
Plane;0.01589665;1.846009;-2.636
Plane;0.01900314;1.854472;-2.636
Plane;0.04749011;1.854205;-2.636
Plane;0.05411109;1.857122;-2.636
Plane;0.05407591;1.841393;-2.636
QuickRigCharacter_Head;0.02920925;1.799777;-2.225437
QuickRigCharacter_Head;0.02658837;1.787112;-2.206798
QuickRigCharacter_Head;0.02487081;1.775916;-2.195258
QuickRigCharacter_Head;0.02285937;1.765014;-2.186472
QuickRigCharacter_Head;0.02080928;1.754947;-2.180011
QuickRigCharacter_Head;0.02043739;1.756783;-2.180869
QuickRigCharacter_Head;0.02052504;1.755738;-2.180342
QuickRigCharacter_Head;0.02012476;1.756108;-2.18043
QuickRigCharacter_Head;0.01934134;1.758366;-2.181436
QuickRigCharacter_Head;0.01756094;1.760302;-2.182068
QuickRigCharacter_Head;0.01844024;1.759161;-2.181639
QuickRigCharacter_Head;0.02287074;1.748533;-2.17753
QuickRigCharacter_Head;0.02552491;1.743539;-2.176257
QuickRigCharacter_Head;0.02549176;1.743119;-2.176087
QuickRigCharacter_Head;0.02388683;1.74483;-2.176276
QuickRigCharacter_Head;0.02378547;1.747204;-2.177232
QuickRigCharacter_Head;0.02501503;1.75241;-2.179992
QuickRigCharacter_Head;0.02437355;1.749328;-2.178344
QuickRigCharacter_Head;0.02351883;1.747298;-2.177188
QuickRigCharacter_Head;0.0232233;1.749143;-2.177909
QuickRigCharacter_Head;0.02234546;1.747444;-2.176905
QuickRigCharacter_Head;0.0217503;1.746035;-2.176142
QuickRigCharacter_Head;0.02296705;1.746354;-2.176626
QuickRigCharacter_Head;0.02379461;1.747969;-2.177556
QuickRigCharacter_Head;0.02326497;1.750711;-2.17864
QuickRigCharacter_Head;0.0222185;1.753701;-2.179784
QuickRigCharacter_Head;0.02155931;1.756216;-2.180886
QuickRigCharacter_Head;0.02169307;1.754269;-2.179914
QuickRigCharacter_Head;0.02049495;1.754259;-2.179574
QuickRigCharacter_Head;0.0187651;1.757089;-2.180583
QuickRigCharacter_Head;0.008318523;1.750476;-2.175182
QuickRigCharacter_Head;-0.04206428;1.738407;-2.174487
QuickRigCharacter_Head;-0.05836759;1.742401;-2.182482
QuickRigCharacter_Head;-0.05878973;1.745644;-2.184066
QuickRigCharacter_Head;-0.06055517;1.746904;-2.185556
QuickRigCharacter_Head;-0.06301089;1.746692;-2.186813
QuickRigCharacter_Head;-0.06284602;1.744383;-2.185678
QuickRigCharacter_Head;-0.05937852;1.741976;-2.182821
QuickRigCharacter_Head;-0.05625274;1.740652;-2.180775
QuickRigCharacter_Head;-0.0540578;1.741487;-2.180097
QuickRigCharacter_Head;-0.0546918;1.739122;-2.179499
QuickRigCharacter_Head;-0.05534329;1.738636;-2.179612
QuickRigCharacter_Head;-0.0547699;1.743149;-2.181069
QuickRigCharacter_Head;-0.05450968;1.745198;-2.181804
QuickRigCharacter_Head;-0.05422475;1.744333;-2.181315
QuickRigCharacter_Head;-0.05408692;1.746536;-2.182192
QuickRigCharacter_Head;-0.05473023;1.750838;-2.184513
QuickRigCharacter_Head;-0.05440637;1.754982;-2.186526
QuickRigCharacter_Head;-0.0525262;1.755266;-2.185808
QuickRigCharacter_Head;-0.04870336;1.751287;-2.182113
QuickRigCharacter_Head;-0.04828852;1.748968;-2.180851
QuickRigCharacter_Head;-0.04938385;1.749847;-2.181693
QuickRigCharacter_Head;-0.05310771;1.747814;-2.182336
QuickRigCharacter_Head;-0.04764371;1.754108;-2.183123
QuickRigCharacter_Head;-0.04712116;1.751761;-2.181726
QuickRigCharacter_Head;-0.04321272;1.764966;-2.187844
QuickRigCharacter_Head;-0.04640014;1.776728;-2.198114
QuickRigCharacter_Head;-0.04911334;1.770862;-2.194501
QuickRigCharacter_Head;-0.04806529;1.760501;-2.186901
QuickRigCharacter_Head;-0.04408935;1.759966;-2.185031
QuickRigCharacter_Head;-0.04264304;1.762198;-2.185863
QuickRigCharacter_Head;-0.04240546;1.762376;-2.185896
QuickRigCharacter_Head;-0.04604878;1.767258;-2.1905
QuickRigCharacter_Head;-0.050898;1.760715;-2.188251
QuickRigCharacter_Head;-0.05248582;1.756788;-2.186635
QuickRigCharacter_Head;-0.05248535;1.752659;-2.184402
QuickRigCharacter_Head;-0.05158208;1.746452;-2.181062
QuickRigCharacter_Head;-0.05216009;1.745552;-2.180918
QuickRigCharacter_Head;-0.05483979;1.750368;-2.184332
QuickRigCharacter_Head;-0.05697278;1.749254;-2.184818
QuickRigCharacter_Head;-0.05609212;1.745116;-2.182505
QuickRigCharacter_Head;-0.05576207;1.748373;-2.183821
QuickRigCharacter_Head;-0.0574403;1.751055;-2.185942
QuickRigCharacter_Head;-0.06026878;1.749412;-2.186598
QuickRigCharacter_Head;-0.06206187;1.746073;-2.185993
QuickRigCharacter_Head;-0.058039;1.743543;-2.182786
QuickRigCharacter_Head;-0.05163564;1.739424;-2.178296
QuickRigCharacter_Head;-0.05266463;1.738996;-2.178569
QuickRigCharacter_Head;-0.05368573;1.74056;-2.179581
QuickRigCharacter_Head;-0.05267479;1.740586;-2.17915
QuickRigCharacter_Head;-0.04863353;1.741623;-2.177903
QuickRigCharacter_Head;-0.0439802;1.740968;-2.176003
QuickRigCharacter_Head;-0.04571079;1.742734;-2.177256
QuickRigCharacter_Head;-0.04777674;1.739974;-2.176975
QuickRigCharacter_Head;-0.04908978;1.736693;-2.176343
QuickRigCharacter_Head;-0.04774747;1.738394;-2.176409
QuickRigCharacter_Head;-0.04694262;1.738569;-2.176174
QuickRigCharacter_Head;-0.0467057;1.732786;-2.174276
QuickRigCharacter_Head;-0.04845743;1.728964;-2.173888
QuickRigCharacter_Head;-0.05004081;1.72885;-2.174454
QuickRigCharacter_Head;-0.04998608;1.729075;-2.174484
QuickRigCharacter_Head;-0.04825128;1.726758;-2.173289
QuickRigCharacter_Head;-0.04607913;1.728504;-2.172926
QuickRigCharacter_Head;0.02726168;1.726602;-2.171649
QuickRigCharacter_Head;0.05393943;1.725423;-2.183649
QuickRigCharacter_Head;0.05352742;1.728189;-2.184087
QuickRigCharacter_Head;0.05507363;1.729023;-2.185297
QuickRigCharacter_Head;0.06603431;1.73053;-2.193748
QuickRigCharacter_Head;0.08597846;1.726316;-2.213303
QuickRigCharacter_Head;0.08433259;1.72758;-2.211595
QuickRigCharacter_Head;0.08214105;1.728104;-2.209051
QuickRigCharacter_Head;0.08313445;1.728452;-2.210403
QuickRigCharacter_Head;0.08711263;1.727626;-2.215336
QuickRigCharacter_Head;0.09002823;1.726848;-2.219292
QuickRigCharacter_Head;0.08874069;1.725644;-2.216931
QuickRigCharacter_Head;0.09804622;1.731657;-2.236372
QuickRigCharacter_Head;0.09844077;1.732684;-2.237955
QuickRigCharacter_Head;0.1006363;1.733476;-2.244101
QuickRigCharacter_Head;0.1006277;1.736348;-2.246582
QuickRigCharacter_Head;0.09906821;1.737256;-2.243053
QuickRigCharacter_Head;0.09827343;1.738166;-2.241783
QuickRigCharacter_Head;0.1000428;1.736818;-2.245328
QuickRigCharacter_Head;0.1044456;1.734831;-2.258545
QuickRigCharacter_Head;0.1062958;1.732426;-2.264591
QuickRigCharacter_Head;0.1046529;1.733636;-2.25793
QuickRigCharacter_Head;0.1018433;1.733993;-2.248072
QuickRigCharacter_Head;0.0959188;1.73458;-2.233665
QuickRigCharacter_Head;0.09520021;1.7369;-2.233757
QuickRigCharacter_Head;0.09644739;1.739378;-2.238379
QuickRigCharacter_Head;0.09618151;1.738768;-2.237283
QuickRigCharacter_Head;0.09202158;1.729022;-2.223395
QuickRigCharacter_Head;0.08975962;1.734062;-2.222184
QuickRigCharacter_Head;0.09216785;1.740793;-2.23057
QuickRigCharacter_Head;0.09680453;1.740128;-2.239872
QuickRigCharacter_Head;0.09988504;1.738564;-2.246531
QuickRigCharacter_Head;0.0990997;1.736877;-2.242805
QuickRigCharacter_Head;0.0922379;1.739967;-2.23009
QuickRigCharacter_Head;0.08774333;1.740456;-2.222707
QuickRigCharacter_Head;0.08771957;1.73775;-2.221032
QuickRigCharacter_Head;0.09194662;1.739918;-2.22951
QuickRigCharacter_Head;0.0948682;1.740387;-2.235699
QuickRigCharacter_Head;0.09587264;1.742569;-2.239866
QuickRigCharacter_Head;0.09516601;1.743486;-2.239071
QuickRigCharacter_Head;0.09414721;1.743367;-2.23667
QuickRigCharacter_Head;0.1026657;1.741342;-2.260136
Plane;0.1463592;1.751205;-2.636
Plane;0.1398206;1.752824;-2.636
QuickRigCharacter_Head;0.0775661;1.741791;-2.209767
QuickRigCharacter_Head;0.07234879;1.741771;-2.2041
QuickRigCharacter_Head;0.07741048;1.743079;-2.210306
QuickRigCharacter_Head;0.08176482;1.745824;-2.21747
QuickRigCharacter_Head;0.08194017;1.745481;-2.217481
QuickRigCharacter_Head;0.09033529;1.739617;-2.226429
QuickRigCharacter_Head;0.08972731;1.738655;-2.224776
QuickRigCharacter_Head;0.0941188;1.740909;-2.234521
QuickRigCharacter_Head;0.09825423;1.741799;-2.245223
QuickRigCharacter_Head;0.09915961;1.741928;-2.247973
QuickRigCharacter_Head;0.09254599;1.739383;-2.230253
QuickRigCharacter_Head;0.09086197;1.740335;-2.227851
QuickRigCharacter_Head;0.09215643;1.742016;-2.231464
QuickRigCharacter_Head;0.09317608;1.741364;-2.232969
QuickRigCharacter_Head;0.04770201;1.733001;-2.182073
QuickRigCharacter_Head;-0.06272123;1.725263;-2.179334
QuickRigCharacter_Head;-0.05486515;1.731887;-2.17725
QuickRigCharacter_Head;-0.05414294;1.733134;-2.17729
QuickRigCharacter_Head;-0.05387041;1.734917;-2.177721
QuickRigCharacter_Head;-0.05482162;1.736208;-2.178558
QuickRigCharacter_Head;-0.06202108;1.733126;-2.18106
QuickRigCharacter_Head;-0.06559443;1.721018;-2.18001
QuickRigCharacter_Head;-0.06076422;1.722442;-2.177741
QuickRigCharacter_Head;-0.05468123;1.720883;-2.174637
QuickRigCharacter_Head;-0.05501739;1.719533;-2.174551
QuickRigCharacter_Head;-0.06011085;1.721781;-2.177295
QuickRigCharacter_Head;-0.06267991;1.724122;-2.17906
QuickRigCharacter_Head;-0.0610681;1.724379;-2.178289
QuickRigCharacter_Head;-0.05768294;1.723835;-2.176542
QuickRigCharacter_Head;-0.0573574;1.723454;-2.176315
QuickRigCharacter_Head;-0.05644739;1.724774;-2.176175
QuickRigCharacter_Head;-0.05653532;1.724876;-2.176237
QuickRigCharacter_Head;-0.05603398;1.725484;-2.176142
QuickRigCharacter_Head;-0.05413662;1.724295;-2.175067
QuickRigCharacter_Head;-0.05196213;1.723054;-2.173918
QuickRigCharacter_Head;-0.05122906;1.722762;-2.173572
QuickRigCharacter_Head;-0.05288311;1.723031;-2.174286
QuickRigCharacter_Head;-0.05404864;1.723443;-2.174855
QuickRigCharacter_Head;-0.05299084;1.720281;-2.173828
QuickRigCharacter_Head;-0.0525965;1.716527;-2.173097
QuickRigCharacter_Head;-0.05294321;1.715829;-2.173149
QuickRigCharacter_Head;-0.05661892;1.717641;-2.174963
QuickRigCharacter_Head;-0.05964885;1.715753;-2.176101
QuickRigCharacter_Head;-0.06185089;1.716806;-2.177335
QuickRigCharacter_Head;-0.05685219;1.718253;-2.175158
QuickRigCharacter_Head;-0.05379875;1.717599;-2.173742
QuickRigCharacter_Head;-0.0496622;1.715138;-2.171784
QuickRigCharacter_Head;0.05464288;1.700566;-2.181301
QuickRigCharacter_Head;0.07873705;1.708999;-2.201108
QuickRigCharacter_Head;0.08223224;1.713458;-2.205493
QuickRigCharacter_Head;0.08507914;1.715381;-2.209234
QuickRigCharacter_Head;0.08632705;1.716064;-2.210965
QuickRigCharacter_Head;0.08496329;1.717085;-2.209432
QuickRigCharacter_Head;0.08412715;1.719763;-2.208993
QuickRigCharacter_Head;0.08457168;1.721435;-2.209978
QuickRigCharacter_Head;0.0875139;1.724132;-2.214663
QuickRigCharacter_Head;0.0899702;1.727762;-2.219577
QuickRigCharacter_Head;0.09774681;1.726726;-2.232955
QuickRigCharacter_Head;0.09111004;1.726369;-2.220789
QuickRigCharacter_Head;0.0898614;1.723709;-2.217909
QuickRigCharacter_Head;0.08976132;1.71916;-2.2164
QuickRigCharacter_Head;0.0884406;1.716144;-2.21382
QuickRigCharacter_Head;0.08721159;1.735191;-2.218875
QuickRigCharacter_Head;0.08677712;1.740262;-2.221096
QuickRigCharacter_Head;0.08718307;1.738274;-2.220523
QuickRigCharacter_Head;0.09297962;1.733781;-2.227489
QuickRigCharacter_Head;0.09983557;1.691765;-2.231016
QuickRigCharacter_Head;0.09789165;1.574728;-2.232043
QuickRigCharacter_Spine2;0.06678731;1.418139;-2.188913
QuickRigCharacter_Spine2;0.06228036;1.375615;-2.188443
QuickRigCharacter_Spine2;0.06363622;1.377506;-2.188464
QuickRigCharacter_Spine2;0.06759432;1.377718;-2.188466
QuickRigCharacter_Spine2;0.06957073;1.374992;-2.188436
QuickRigCharacter_Spine2;0.06780758;1.370141;-2.188383
QuickRigCharacter_Spine2;0.06191286;1.353971;-2.188204
QuickRigCharacter_Spine2;0.05618919;1.317225;-2.187799
QuickRigCharacter_Spine2;0.05569248;1.288666;-2.187483
QuickRigCharacter_Spine1;0.05051754;1.013451;-2.172018
QuickRigCharacter_Spine1;0.05101545;1.019609;-2.172526
QuickRigCharacter_Spine1;0.05190961;1.023767;-2.172868
QuickRigCharacter_Spine1;0.05420827;1.026333;-2.173079
QuickRigCharacter_Spine1;0.05545964;1.021711;-2.172699
QuickRigCharacter_Spine1;0.05778933;1.015096;-2.172154
QuickRigCharacter_Spine1;0.05696097;1.015261;-2.172167
QuickRigCharacter_Spine1;0.05317918;1.01582;-2.172214
QuickRigCharacter_Spine1;0.04998639;1.0157;-2.172204
QuickRigCharacter_Spine1;0.1265398;1.013015;-2.171982
QuickRigCharacter_RightForeArm;0.2984047;0.9989937;-2.264523
QuickRigCharacter_RightForeArm;0.3000908;0.9964312;-2.264352
QuickRigCharacter_RightForeArm;0.2976718;0.992701;-2.262256
QuickRigCharacter_RightForeArm;0.2935614;0.9888907;-2.26002
QuickRigCharacter_RightForeArm;0.2942638;0.9869514;-2.259604
QuickRigCharacter_RightForeArm;0.3315966;0.928991;-2.260295
QuickRigCharacter_RightForeArm;0.3355533;0.9017084;-2.251903
QuickRigCharacter_RightForeArm;0.3352321;0.9012563;-2.251352
QuickRigCharacter_RightForeArm;0.3343772;0.8953173;-2.247922
QuickRigCharacter_RightForeArm;0.3344288;0.889101;-2.245335
QuickRigCharacter_RightForeArm;0.3356211;0.8880513;-2.245934
QuickRigCharacter_RightForeArm;0.3347294;0.8881059;-2.245177
QuickRigCharacter_RightForeArm;0.3329614;0.8846804;-2.242383
QuickRigCharacter_RightForeArm;0.3298956;0.877684;-2.237695
QuickRigCharacter_RightForeArm;0.3239131;0.8723771;-2.233023
QuickRigCharacter_RightForeArm;0.3237974;0.8683622;-2.231677
QuickRigCharacter_RightForeArm;0.3258986;0.8639876;-2.23105
QuickRigCharacter_RightForeArm;0.3278051;0.8641703;-2.231877
QuickRigCharacter_RightForeArm;0.3286852;0.858596;-2.230393
QuickRigCharacter_RightForeArm;0.322362;0.8602694;-2.228683
QuickRigCharacter_RightForeArm;0.3200002;0.8649482;-2.229457
QuickRigCharacter_RightForeArm;0.3244871;0.8744794;-2.233932
QuickRigCharacter_RightForeArm;0.3213578;0.8772315;-2.23367
QuickRigCharacter_RightForeArm;0.316607;0.877302;-2.232342
QuickRigCharacter_RightForeArm;0.3209174;0.8764359;-2.233266
QuickRigCharacter_RightForeArm;0.328247;0.8740732;-2.235502
QuickRigCharacter_RightForeArm;0.3320602;0.8726831;-2.237143
QuickRigCharacter_RightForeArm;0.3231552;0.8808663;-2.2355
QuickRigCharacter_RightForeArm;0.3170227;0.8785003;-2.232791
QuickRigCharacter_RightForeArm;0.3144001;0.8769967;-2.231785
QuickRigCharacter_RightForeArm;0.3292937;0.8793778;-2.237969
QuickRigCharacter_RightForeArm;0.3334871;0.8823605;-2.24185
QuickRigCharacter_RightForeArm;0.3409862;0.8801212;-2.247718
QuickRigCharacter_RightForeArm;0.3454751;0.8767601;-2.251731
QuickRigCharacter_RightForeArm;0.3428628;0.8767243;-2.24826
QuickRigCharacter_RightForeArm;0.3406353;0.879764;-2.247156
QuickRigCharacter_RightForeArm;0.3393476;0.8793752;-2.245636
QuickRigCharacter_RightForeArm;0.3414232;0.8760839;-2.24631
QuickRigCharacter_RightForeArm;0.3431848;0.8771436;-2.248863
QuickRigCharacter_RightForeArm;0.3411718;0.8800597;-2.247887
QuickRigCharacter_RightForeArm;0.3352534;0.8804815;-2.242444
QuickRigCharacter_RightForeArm;0.3305578;0.8804218;-2.239091
QuickRigCharacter_RightForeArm;0.3349963;0.8783205;-2.241376
QuickRigCharacter_RightForeArm;0.3401113;0.8776839;-2.245658
QuickRigCharacter_RightForeArm;0.3401659;0.8785721;-2.246112
QuickRigCharacter_RightForeArm;0.336071;0.8821807;-2.243831
QuickRigCharacter_RightForeArm;0.33247;0.8835462;-2.241573
QuickRigCharacter_RightForeArm;0.3337841;0.883371;-2.24248
QuickRigCharacter_RightForeArm;0.3380052;0.8845131;-2.246621
QuickRigCharacter_RightForeArm;0.3383689;0.8854478;-2.247408
QuickRigCharacter_RightForeArm;0.3383898;0.8852239;-2.247324
QuickRigCharacter_RightForeArm;0.3377595;0.8866848;-2.247332
QuickRigCharacter_RightForeArm;0.3383876;0.8880247;-2.248588
QuickRigCharacter_RightForeArm;0.3397377;0.8883487;-2.250216
QuickRigCharacter_RightForeArm;0.3420288;0.8857054;-2.251707
QuickRigCharacter_RightForeArm;0.3223045;0.8902445;-2.238266
QuickRigCharacter_RightForeArm;0.2698503;0.8975502;-2.246844
QuickRigCharacter_RightForeArm;0.2638313;0.9012347;-2.252284
QuickRigCharacter_RightForeArm;0.2609805;0.8991756;-2.255225
QuickRigCharacter_RightForeArm;0.2626671;0.8979278;-2.253335
QuickRigCharacter_RightForeArm;0.2634236;0.8993222;-2.252604
QuickRigCharacter_RightForeArm;0.2593861;0.8986039;-2.257163
QuickRigCharacter_RightForeArm;0.2544317;0.895178;-2.265139
QuickRigCharacter_RightForeArm;0.2572018;0.8962229;-2.260289
QuickRigCharacter_RightForeArm;0.2610992;0.8987225;-2.25509
QuickRigCharacter_RightForeArm;0.2619501;0.8992295;-2.254143
QuickRigCharacter_RightForeArm;0.2598886;0.8969299;-2.256541
QuickRigCharacter_RightForeArm;0.2556995;0.8933125;-2.262992
QuickRigCharacter_RightForeArm;0.253381;0.8917561;-2.268025
QuickRigCharacter_RightForeArm;0.25443;0.8947005;-2.265241
QuickRigCharacter_RightForeArm;0.2582833;0.8991616;-2.258632
QuickRigCharacter_RightForeArm;0.2620058;0.9027303;-2.254215
QuickRigCharacter_RightForeArm;0.2601966;0.9029888;-2.256234
QuickRigCharacter_RightForeArm;0.2580724;0.9033443;-2.258835
QuickRigCharacter_RightForeArm;0.2573647;0.9067542;-2.259745
QuickRigCharacter_RightForeArm;0.2579561;0.9064969;-2.258977
QuickRigCharacter_RightForeArm;0.309097;0.9030946;-2.23829
QuickRigCharacter_RightForeArm;0.3084193;0.9037193;-2.238359
QuickRigCharacter_RightForeArm;0.3070666;0.9018201;-2.237614
QuickRigCharacter_RightForeArm;0.3065546;0.9043726;-2.238242
QuickRigCharacter_RightForeArm;0.306973;0.9060993;-2.238774
QuickRigCharacter_RightForeArm;0.3105104;0.904268;-2.238905
QuickRigCharacter_RightForeArm;0.328423;0.8923154;-2.242217
QuickRigCharacter_RightForeArm;0.3331646;0.885151;-2.242707
QuickRigCharacter_RightForeArm;0.3264205;0.8901507;-2.240237
QuickRigCharacter_RightForeArm;0.3205954;0.8925668;-2.238333
QuickRigCharacter_RightForeArm;0.3216648;0.8919654;-2.238577
QuickRigCharacter_RightForeArm;0.3283402;0.8900736;-2.241337
QuickRigCharacter_RightForeArm;0.3277885;0.8887015;-2.24048
QuickRigCharacter_RightUpLeg;0.1260483;0.858498;-2.220068
QuickRigCharacter_LeftForeArm;-0.2534972;0.847412;-2.242474
QuickRigCharacter_LeftForeArm;-0.2527374;0.8502158;-2.243446
QuickRigCharacter_LeftForeArm;-0.249635;0.8534487;-2.24688
QuickRigCharacter_LeftForeArm;-0.2492483;0.8531134;-2.247286
QuickRigCharacter_LeftForeArm;-0.2498906;0.850615;-2.246416
QuickRigCharacter_LeftForeArm;-0.2510329;0.8500167;-2.245134
QuickRigCharacter_LeftForeArm;-0.2527037;0.8485247;-2.243323
QuickRigCharacter_LeftForeArm;-0.2578898;0.8461872;-2.238588
QuickRigCharacter_LeftForeArm;-0.2749001;0.847818;-2.230253
QuickRigCharacter_LeftForeArm;-0.2740442;0.852276;-2.231383
QuickRigCharacter_LeftForeArm;-0.2739388;0.8548791;-2.23193
QuickRigCharacter_LeftForeArm;-0.2762477;0.851984;-2.230726
QuickRigCharacter_LeftForeArm;-0.2776248;0.8490602;-2.229804
QuickRigCharacter_LeftForeArm;-0.2754897;0.8491192;-2.230348
QuickRigCharacter_LeftForeArm;-0.2749971;0.8468916;-2.230043
QuickRigCharacter_LeftForeArm;-0.2708971;0.8516484;-2.232292
QuickRigCharacter_LeftForeArm;-0.2724736;0.852016;-2.231822
QuickRigCharacter_LeftForeArm;-0.2780628;0.8523907;-2.230403
QuickRigCharacter_LeftForeArm;-0.2797046;0.8521782;-2.23003
QuickRigCharacter_LeftForeArm;-0.277501;0.8505518;-2.230131
QuickRigCharacter_LeftForeArm;-0.2719936;0.8492772;-2.231465
QuickRigCharacter_LeftForeArm;-0.2706906;0.8488277;-2.231851
QuickRigCharacter_LeftForeArm;-0.2720083;0.8505151;-2.231696
QuickRigCharacter_LeftForeArm;-0.2718022;0.8548542;-2.232583
QuickRigCharacter_LeftForeArm;-0.2708699;0.8537468;-2.232689
QuickRigCharacter_LeftForeArm;-0.271195;0.8511177;-2.232085
QuickRigCharacter_LeftForeArm;-0.2742678;0.8489088;-2.230656
QuickRigCharacter_LeftForeArm;-0.276635;0.8476315;-2.229744
QuickRigCharacter_LeftForeArm;-0.2757255;0.8454001;-2.229541
QuickRigCharacter_LeftForeArm;-0.2731454;0.848663;-2.230957
QuickRigCharacter_LeftForeArm;-0.2740773;0.8510715;-2.231121
QuickRigCharacter_LeftForeArm;-0.279594;0.8504888;-2.229703
QuickRigCharacter_LeftForeArm;-0.2828069;0.8489233;-2.228866
QuickRigCharacter_LeftForeArm;-0.2810636;0.8450927;-2.228271
QuickRigCharacter_LeftForeArm;-0.2832054;0.8466222;-2.228296
QuickRigCharacter_LeftForeArm;-0.2861353;0.8494285;-2.228708
QuickRigCharacter_LeftForeArm;-0.2847458;0.8436758;-2.227464
QuickRigCharacter_LeftForeArm;-0.2796253;0.8449937;-2.22852
QuickRigCharacter_LeftForeArm;-0.2809274;0.8503669;-2.229441
QuickRigCharacter_LeftForeArm;-0.2886913;0.8458064;-2.227751
QuickRigCharacter_LeftForeArm;-0.2926291;0.8378434;-2.225848
QuickRigCharacter_LeftForeArm;-0.2940051;0.8207068;-2.221635
QuickRigCharacter_LeftForeArm;-0.2957522;0.8044412;-2.217659
QuickRigCharacter_LeftForeArm;-0.307395;0.7676877;-2.215674
QuickRigCharacter_LeftForeArm;-0.3078213;0.7699974;-2.215224
QuickRigCharacter_LeftForeArm;-0.2999932;0.7978148;-2.216126
QuickRigCharacter_LeftForeArm;-0.2878733;0.8184447;-2.221417
QuickRigCharacter_LeftForeArm;-0.2642429;0.8184184;-2.230424
QuickRigCharacter_LeftForeArm;-0.2521642;0.8292873;-2.242507
QuickRigCharacter_LeftForeArm;-0.2503319;0.833932;-2.244992
QuickRigCharacter_LeftForeArm;-0.2500048;0.8311578;-2.245294
QuickRigCharacter_LeftForeArm;-0.2499914;0.8257757;-2.245197
QuickRigCharacter_LeftForeArm;-0.2519621;0.8211299;-2.24239
QuickRigCharacter_LeftForeArm;-0.2557878;0.8162593;-2.23759
QuickRigCharacter_LeftForeArm;-0.2834691;0.8197132;-2.222401
QuickRigCharacter_LeftForeArm;-0.2794528;0.8282651;-2.225083
QuickRigCharacter_LeftForeArm;-0.2782054;0.830546;-2.22588
QuickRigCharacter_LeftForeArm;-0.2775806;0.8237602;-2.224743
QuickRigCharacter_LeftForeArm;-0.2767664;0.8211839;-2.224519
QuickRigCharacter_LeftForeArm;-0.2741506;0.8248435;-2.226151
QuickRigCharacter_LeftForeArm;-0.2762321;0.8311555;-2.22658
QuickRigCharacter_LeftForeArm;-0.2841832;0.8333937;-2.225227
QuickRigCharacter_LeftForeArm;-0.2853065;0.8308387;-2.224506
QuickRigCharacter_LeftForeArm;-0.2813076;0.8301046;-2.22504
QuickRigCharacter_LeftForeArm;-0.2796716;0.82778;-2.224938
QuickRigCharacter_LeftForeArm;-0.2825938;0.8253119;-2.223748
QuickRigCharacter_LeftForeArm;-0.2879402;0.8215781;-2.222122
QuickRigCharacter_LeftForeArm;-0.2885648;0.8248404;-2.22279
QuickRigCharacter_LeftForeArm;-0.2853928;0.8246275;-2.223119
QuickRigCharacter_LeftForeArm;-0.282601;0.8238423;-2.223432
QuickRigCharacter_LeftForeArm;-0.2807772;0.8259112;-2.224288
QuickRigCharacter_LeftForeArm;-0.2805853;0.8315869;-2.225497
QuickRigCharacter_LeftForeArm;-0.2815779;0.8323832;-2.225443
QuickRigCharacter_LeftForeArm;-0.282412;0.8304551;-2.224892
QuickRigCharacter_LeftForeArm;-0.281073;0.8270795;-2.224442
QuickRigCharacter_LeftForeArm;-0.279831;0.8253717;-2.224399
QuickRigCharacter_LeftForeArm;-0.278856;0.8248591;-2.224559
QuickRigCharacter_LeftForeArm;-0.2820844;0.8265725;-2.224121
QuickRigCharacter_LeftForeArm;-0.2836905;0.8285254;-2.224244
QuickRigCharacter_LeftForeArm;-0.2844042;0.8275063;-2.223897
QuickRigCharacter_LeftForeArm;-0.2835242;0.8260203;-2.223723
QuickRigCharacter_LeftForeArm;-0.2814991;0.8278343;-2.224504
QuickRigCharacter_LeftForeArm;-0.283196;0.8297138;-2.224566
QuickRigCharacter_LeftForeArm;-0.288542;0.8280293;-2.223552
QuickRigCharacter_LeftForeArm;-0.2816976;0.8182874;-2.2225
QuickRigCharacter_LeftUpLeg;-0.1174097;0.7314857;-2.20625
QuickRigCharacter_LeftUpLeg;-0.1155033;0.729928;-2.206401
QuickRigCharacter_LeftUpLeg;-0.119191;0.721513;-2.207354
QuickRigCharacter_LeftUpLeg;-0.1223975;0.7090959;-2.208766
QuickRigCharacter_LeftUpLeg;-0.1186974;0.5707859;-2.225362
QuickRigCharacter_LeftLeg;-0.1492707;0.2544939;-2.297541
QuickRigCharacter_LeftLeg;-0.1500035;0.244856;-2.299612
QuickRigCharacter_LeftLeg;-0.1508521;0.2360806;-2.301427
QuickRigCharacter_LeftLeg;-0.1565695;0.2251566;-2.301915
QuickRigCharacter_LeftLeg;-0.1598612;0.2161453;-2.302982
QuickRigCharacter_LeftLeg;-0.1659876;0.2033509;-2.304278
QuickRigCharacter_LeftLeg;-0.1693151;0.193908;-2.305658
QuickRigCharacter_LeftLeg;-0.1716493;0.1813655;-2.307967
QuickRigCharacter_LeftLeg;-0.175315;0.1219896;-2.320352
QuickRigCharacter_LeftLeg;-0.181317;0.1290108;-2.317681
QuickRigCharacter_LeftLeg;-0.1871082;0.124665;-2.318014
QuickRigCharacter_LeftLeg;-0.1878343;0.1129474;-2.320352
QuickRigCharacter_LeftLeg;-0.1846659;0.1136426;-2.3205
QuickRigCharacter_LeftLeg;-0.1820349;0.1167732;-2.320188
QuickRigCharacter_LeftLeg;-0.1848626;0.1125892;-2.320698
QuickRigCharacter_LeftLeg;-0.1685719;0.1108768;-2.325028
QuickRigCharacter_LeftLeg;-0.1373091;0.1273165;-2.343104
QuickRigCharacter_LeftLeg;-0.1362575;0.126539;-2.34475
QuickRigCharacter_LeftLeg;-0.1362537;0.1251401;-2.345246
QuickRigCharacter_LeftLeg;-0.174319;0.3200002;-2.280153
QuickRigCharacter_LeftUpLeg;-0.1606742;0.4384269;-2.249313
QuickRigCharacter_LeftUpLeg;-0.1575032;0.4474375;-2.243547
QuickRigCharacter_LeftUpLeg;-0.1570504;0.4489458;-2.242751
QuickRigCharacter_LeftUpLeg;-0.1537532;0.4637118;-2.236857
QuickRigCharacter_LeftUpLeg;-0.1535363;0.4687225;-2.235592
QuickRigCharacter_LeftUpLeg;-0.152891;0.4670281;-2.235929
QuickRigCharacter_LeftLeg;-0.1944764;0.1495755;-2.313308
QuickRigCharacter_LeftLeg;-0.1914361;0.1284495;-2.317156
QuickRigCharacter_LeftLeg;-0.1924595;0.121943;-2.318424
QuickRigCharacter_LeftLeg;-0.1997495;0.123612;-2.318592
QuickRigCharacter_LeftLeg;-0.2022589;0.1205057;-2.31949
QuickRigCharacter_LeftLeg;-0.2116922;0.08225517;-2.32782
QuickRigCharacter_LeftLeg;-0.215758;0.02588432;-2.342379
QuickRigCharacter_LeftLeg;-0.2167974;0.01506393;-2.35031
QuickRigCharacter_LeftLeg;-0.2209386;0.00845241;-2.358524
QuickRigCharacter_LeftLeg;-0.2242555;0.01174539;-2.356467
QuickRigCharacter_LeftLeg;-0.22605;0.01062709;-2.358684
QuickRigCharacter_LeftLeg;-0.2189632;0.04100155;-2.336849
QuickRigCharacter_LeftLeg;-0.2195231;0.04280423;-2.336515
QuickRigCharacter_LeftLeg;-0.2247736;0.03100019;-2.342593
QuickRigCharacter_LeftLeg;-0.2297331;0.02177655;-2.350508
QuickRigCharacter_LeftLeg;-0.2299576;0.01874011;-2.353026
QuickRigCharacter_RightLeg;0.1974077;0.1181801;-2.319355
Plane;-0.01248751;0.22417;-2.636
Plane;-0.01643082;0.226505;-2.636
Plane;-0.02052577;0.2267034;-2.636
Plane;-0.02798188;0.2341616;-2.636
QuickRigCharacter_LeftUpLeg;-0.06600068;0.7049509;-2.226167
QuickRigCharacter_LeftUpLeg;-0.0572594;0.7394822;-2.22578
QuickRigCharacter_LeftUpLeg;-0.0467277;0.7506062;-2.233247
QuickRigCharacter_LeftUpLeg;-0.04554104;0.7551051;-2.233439
QuickRigCharacter_LeftUpLeg;-0.04937311;0.7585984;-2.228593
QuickRigCharacter_LeftUpLeg;-0.04979352;0.7661209;-2.226465
QuickRigCharacter_LeftUpLeg;-0.05941148;0.7847523;-2.215042
QuickRigCharacter_LeftUpLeg;-0.1060954;0.865494;-2.223597
QuickRigCharacter_LeftUpLeg;-0.1110721;0.8926438;-2.276471
QuickRigCharacter_LeftUpLeg;-0.1111541;0.8935061;-2.288474
QuickRigCharacter_LeftUpLeg;-0.1129272;0.8934038;-2.289974
QuickRigCharacter_LeftUpLeg;-0.1154496;0.8929903;-2.295356
Plane;-0.1301989;0.7814276;-2.636
QuickRigCharacter_Spine1;-0.01250759;1.027527;-2.173178
QuickRigCharacter_Spine1;-0.001829229;1.084327;-2.177856
QuickRigCharacter_Spine1;0.003701507;1.088819;-2.178226
QuickRigCharacter_Spine1;0.01175562;1.090331;-2.178351
QuickRigCharacter_Spine1;0.0154895;1.113854;-2.180289
QuickRigCharacter_Spine1;0.02020442;1.15489;-2.183669
QuickRigCharacter_Spine2;0.05125974;1.366193;-2.188339
QuickRigCharacter_Head;0.02369671;1.641332;-2.175002
QuickRigCharacter_Head;0.01642819;1.676179;-2.168529
QuickRigCharacter_Head;0.006109494;1.661912;-2.169013
QuickRigCharacter_Head;0.002982359;1.627465;-2.173995
QuickRigCharacter_Head;0.004919422;1.618256;-2.175524
QuickRigCharacter_Head;0.007446354;1.610487;-2.176888
QuickRigCharacter_Head;0.008029395;1.617368;-2.175892
QuickRigCharacter_Head;0.007723745;1.600142;-2.17848
QuickRigCharacter_Head;0.006253777;1.587982;-2.180252
QuickRigCharacter_Head;0.03264059;1.574028;-2.186533
QuickRigCharacter_Head;0.05272938;1.594036;-2.191514
QuickRigCharacter_Head;0.06000489;1.600218;-2.194726
QuickRigCharacter_Head;0.06122275;1.589507;-2.196592
QuickRigCharacter_Head;0.06234024;1.579419;-2.198376
QuickRigCharacter_Head;0.04342959;1.639517;-2.181835
QuickRigCharacter_Head;0.03139601;1.691303;-2.170731
QuickRigCharacter_Head;0.02716005;1.698392;-2.168917
QuickRigCharacter_Head;0.02242569;1.688611;-2.168256
QuickRigCharacter_Head;0.02482344;1.689772;-2.168791
QuickRigCharacter_Head;0.0286387;1.711033;-2.169717
QuickRigCharacter_Head;0.02971546;1.727277;-2.172607
QuickRigCharacter_Head;0.02733339;1.7355;-2.174033
QuickRigCharacter_Head;0.02678606;1.732247;-2.172902
QuickRigCharacter_Head;0.02965239;1.728661;-2.172913
QuickRigCharacter_Head;0.03811923;1.73349;-2.177506
QuickRigCharacter_Head;0.04459173;1.733537;-2.180586
QuickRigCharacter_Head;0.09589172;1.668141;-2.224234
Plane;0.1863192;1.510464;-2.636
Plane;0.1772308;1.508783;-2.636
Plane;0.1746289;1.511623;-2.636
QuickRigCharacter_Head;0.06703328;1.517369;-2.235203
QuickRigCharacter_Head;0.04143908;1.505225;-2.229955
QuickRigCharacter_Head;0.0339026;1.499738;-2.233197
QuickRigCharacter_Head;0.03413479;1.502493;-2.229638
QuickRigCharacter_Head;0.03811473;1.504359;-2.229234
QuickRigCharacter_Head;0.04031653;1.498971;-2.237831
QuickRigCharacter_Spine2;-0.02797509;1.436468;-2.189115
QuickRigCharacter_Spine2;-0.04547174;1.310648;-2.187726
QuickRigCharacter_Spine2;-0.04631481;1.308201;-2.187699
QuickRigCharacter_Spine2;-0.04502134;1.310194;-2.187721
QuickRigCharacter_Spine2;-0.03514055;1.312965;-2.187751
QuickRigCharacter_Spine2;-0.01857209;1.316664;-2.187792
QuickRigCharacter_Spine2;-0.01073484;1.32207;-2.187852
QuickRigCharacter_Spine2;-0.01087908;1.316449;-2.18779
QuickRigCharacter_Spine2;-0.009640267;1.315176;-2.187776
QuickRigCharacter_Spine2;-0.007347974;1.314462;-2.187768
QuickRigCharacter_Spine2;0.05199718;1.304948;-2.187663
QuickRigCharacter_RightArm;0.2037411;1.283033;-2.284492
QuickRigCharacter_RightArm;0.1982905;1.28711;-2.285431
QuickRigCharacter_RightArm;0.1989411;1.290247;-2.2851
QuickRigCharacter_RightArm;0.2039854;1.29597;-2.28395
QuickRigCharacter_RightArm;0.2057872;1.2921;-2.283842
QuickRigCharacter_RightArm;0.2052944;1.289175;-2.283998
QuickRigCharacter_RightArm;0.2044324;1.291169;-2.284057
QuickRigCharacter_RightArm;0.2207066;1.297551;-2.283681
QuickRigCharacter_RightArm;0.2355988;1.305951;-2.287434
QuickRigCharacter_RightArm;0.2359531;1.308559;-2.287779
QuickRigCharacter_RightArm;0.2343961;1.318402;-2.288099
QuickRigCharacter_RightArm;0.2335695;1.316969;-2.287656
QuickRigCharacter_RightArm;0.2329963;1.315774;-2.287355
QuickRigCharacter_RightArm;0.2312068;1.314645;-2.28667
QuickRigCharacter_RightArm;0.2280712;1.316076;-2.285857
QuickRigCharacter_RightArm;0.2271741;1.31707;-2.285695
QuickRigCharacter_Spine2;0.0895284;1.319471;-2.187823
QuickRigCharacter_LeftArm;-0.2059827;1.319347;-2.284688
QuickRigCharacter_LeftArm;-0.2039546;1.316803;-2.284715
QuickRigCharacter_LeftArm;-0.1998405;1.320193;-2.284783
QuickRigCharacter_LeftArm;-0.1998778;1.325204;-2.284659
QuickRigCharacter_LeftArm;-0.2027448;1.326346;-2.284572
QuickRigCharacter_LeftArm;-0.205637;1.327551;-2.28462
QuickRigCharacter_LeftArm;-0.203851;1.328523;-2.284552
QuickRigCharacter_LeftArm;-0.1997226;1.328018;-2.284604
QuickRigCharacter_LeftArm;-0.1971162;1.327035;-2.284783
QuickRigCharacter_LeftArm;-0.1985587;1.325258;-2.284728
QuickRigCharacter_LeftArm;-0.200083;1.325217;-2.284646
QuickRigCharacter_Spine2;-0.1495297;1.364091;-2.188316
QuickRigCharacter_Spine2;-0.1205547;1.430962;-2.189054
QuickRigCharacter_Spine2;-0.112009;1.445702;-2.189217
QuickRigCharacter_Spine2;-0.1104197;1.44905;-2.189254
QuickRigCharacter_Spine2;-0.1129147;1.454903;-2.189319
QuickRigCharacter_Spine2;-0.1154199;1.463837;-2.189417
QuickRigCharacter_Spine2;-0.1204565;1.466274;-2.225614
QuickRigCharacter_Spine2;-0.1176669;1.463243;-2.189411
QuickRigCharacter_Spine2;-0.1333147;1.466481;-2.239535
QuickRigCharacter_Spine2;-0.1437996;1.465529;-2.352345
QuickRigCharacter_Spine2;-0.121518;1.466367;-2.219935
QuickRigCharacter_Spine2;-0.03724808;1.451651;-2.189283
QuickRigCharacter_RightArm;0.206114;1.461922;-2.334968
QuickRigCharacter_RightArm;0.2011287;1.462374;-2.332846
Plane;0.236465;1.431594;-2.636
Plane;0.2381094;1.431565;-2.636
Plane;0.2433103;1.431349;-2.636
Plane;0.2454777;1.428751;-2.636
Plane;0.2465366;1.439358;-2.636
Plane;0.2384735;1.431034;-2.636
Plane;0.2384176;1.432714;-2.636
Plane;0.2389781;1.435322;-2.636
Plane;0.2415541;1.42433;-2.636
Plane;0.2401616;1.439605;-2.636
Plane;0.2321483;1.42653;-2.636
QuickRigCharacter_RightArm;0.2139533;1.441194;-2.305412
QuickRigCharacter_RightArm;0.2290187;1.409319;-2.297146
QuickRigCharacter_RightArm;0.2112684;1.390343;-2.286192
QuickRigCharacter_RightArm;0.2040007;1.387835;-2.284366
QuickRigCharacter_RightArm;0.2007763;1.38908;-2.283913
QuickRigCharacter_RightArm;0.1986405;1.388669;-2.283648
QuickRigCharacter_RightArm;0.1978892;1.387747;-2.283563
QuickRigCharacter_RightArm;0.1983446;1.388398;-2.283625
QuickRigCharacter_RightArm;0.3019165;1.15344;-2.306582
QuickRigCharacter_RightArm;0.2965788;1.144404;-2.300475
QuickRigCharacter_RightArm;0.2946265;1.14834;-2.299011
QuickRigCharacter_RightArm;0.2987372;1.151205;-2.302953
QuickRigCharacter_RightArm;0.3002257;1.152995;-2.304712
QuickRigCharacter_RightArm;0.2987361;1.154565;-2.303543
QuickRigCharacter_RightArm;0.2213888;1.132697;-2.290844
QuickRigCharacter_Spine1;0.09702598;1.138797;-2.182343
QuickRigCharacter_Spine1;0.09615734;1.139855;-2.18243
QuickRigCharacter_Spine1;0.09707847;1.140834;-2.182511
QuickRigCharacter_Spine1;0.09771482;1.142354;-2.182636
