QuickRigCharacter_Spine2;-0.156815;0.1249999;-0.05827994
QuickRigCharacter_Spine2;-0.169168;0.1249999;-0.05764182
QuickRigCharacter_Spine2;-0.1776006;0.125;-0.06503209
QuickRigCharacter_Spine2;-0.1827499;0.1249999;-0.07028322
QuickRigCharacter_Spine2;-0.1845953;0.125;-0.08324792
QuickRigCharacter_Spine2;-0.1838008;0.125;-0.08055878
QuickRigCharacter_Spine2;-0.1859289;0.1250002;-0.08971511
QuickRigCharacter_Spine2;-0.1815062;0.125;-0.1073779
QuickRigCharacter_Spine2;-0.1795049;0.125;-0.1090021
QuickRigCharacter_Spine2;-0.2019015;0.125;-0.1359212
QuickRigCharacter_Spine2;-0.2189098;0.1250001;-0.12358
QuickRigCharacter_Spine2;-0.2216605;0.1250001;-0.09552063
QuickRigCharacter_Spine2;-0.2215918;0.125;-0.09070913
QuickRigCharacter_Spine2;-0.2208317;0.125;-0.08344205
QuickRigCharacter_Spine2;-0.2177284;0.1250001;-0.07440937
QuickRigCharacter_Spine2;-0.2140023;0.1250001;-0.09460052
QuickRigCharacter_Spine2;-0.2097168;0.125;-0.136645
QuickRigCharacter_Spine2;-0.2068712;0.1249999;-0.1353713
QuickRigCharacter_Spine2;-0.2163246;0.1249999;-0.1450347
QuickRigCharacter_Spine2;-0.2314198;0.125;-0.1543368
QuickRigCharacter_Spine2;-0.2359095;0.1250002;-0.1538057
QuickRigCharacter_Spine2;-0.2411451;0.125;-0.1499905
QuickRigCharacter_Spine2;-0.1896734;0.125;-0.08095999
QuickRigCharacter_Spine2;-0.1307685;0.1250001;-0.0100439
QuickRigCharacter_Spine2;-0.1343368;0.125;-0.0122331
QuickRigCharacter_Spine2;-0.135576;0.1250001;-0.01363846
QuickRigCharacter_Spine2;-0.1382767;0.1249999;-0.01668117
QuickRigCharacter_Spine2;-0.1432053;0.125;-0.022709
QuickRigCharacter_Spine2;-0.1422015;0.125;-0.02700237
QuickRigCharacter_Spine2;-0.1349367;0.125;-0.01618398
QuickRigCharacter_Spine2;-0.1263952;0.125;-0.01081603
QuickRigCharacter_Spine2;-0.1205755;0.1250001;-0.01829381
QuickRigCharacter_Spine2;-0.1190737;0.125;-0.02035347
QuickRigCharacter_Spine2;-0.118926;0.125;-0.0216379
QuickRigCharacter_Spine2;-0.1167353;0.125;-0.0210652
QuickRigCharacter_Spine2;-0.1151489;0.125;-0.01690167
QuickRigCharacter_Spine2;-0.1043778;0.1250001;-0.01625549
QuickRigCharacter_Spine2;-0.08064511;0.1249999;-0.01414413
QuickRigCharacter_Spine2;-0.07832812;0.1250001;-0.01384156
QuickRigCharacter_Spine2;-0.08273982;0.1250001;-0.01451838
QuickRigCharacter_Spine2;-0.08387675;0.125;-0.01680424
QuickRigCharacter_Spine2;-0.08517656;0.1249999;-0.01618459
QuickRigCharacter_Spine2;-0.08667492;0.1250001;-0.01220475
QuickRigCharacter_Spine2;-0.08592118;0.1249999;-0.0136576
QuickRigCharacter_Spine2;-0.08715272;0.1249999;-0.01855855
QuickRigCharacter_Spine2;-0.08679067;0.1250001;-0.02131202
QuickRigCharacter_Spine2;-0.09700821;0.125;-0.02099224
QuickRigCharacter_Spine2;-0.1011281;0.125;-0.0190294
QuickRigCharacter_Spine2;-0.09795379;0.125;-0.01943594
QuickRigCharacter_Spine2;-0.09521488;0.1250001;-0.02312058
QuickRigCharacter_Spine2;-0.09715538;0.1250001;-0.02729069
QuickRigCharacter_Spine2;-0.0957766;0.125;-0.04099775
QuickRigCharacter_Spine2;-0.1094366;0.1250001;-0.103574
QuickRigCharacter_Spine2;-0.1219835;0.125;-0.1019937
QuickRigCharacter_Spine2;-0.1249764;0.1249999;-0.103896
QuickRigCharacter_Spine2;-0.1291477;0.125;-0.1060066
QuickRigCharacter_Spine2;-0.1356567;0.125;-0.1232791
QuickRigCharacter_RightArm;0.06159551;-0.06477868;0.02658219
QuickRigCharacter_RightArm;0.05121628;-0.06139182;0.03361635
QuickRigCharacter_RightArm;0.04883609;-0.06159749;0.03327711
QuickRigCharacter_RightArm;0.04968467;-0.06162751;0.03321041
QuickRigCharacter_RightArm;0.04809646;-0.06023236;0.03567291
QuickRigCharacter_RightArm;0.01492518;-0.04839408;0.05032999
QuickRigCharacter_RightArm;-0.004697483;-0.03741535;0.05377398
QuickRigCharacter_RightArm;-0.009295722;-0.03547409;0.05276555
QuickRigCharacter_RightArm;-0.00943672;-0.03581347;0.05246363
QuickRigCharacter_RightArm;-0.01005009;-0.0331791;0.05380832
QuickRigCharacter_RightArm;-0.01225468;-0.03034951;0.05421929
QuickRigCharacter_RightArm;-0.01484033;-0.03510816;0.0495401
QuickRigCharacter_RightArm;-0.02138614;-0.03102018;0.04717316
QuickRigCharacter_RightArm;-0.02497577;-0.02561679;0.04712697
QuickRigCharacter_RightArm;-0.02739423;-0.01676062;0.04872933
QuickRigCharacter_RightArm;-0.03191672;-0.007809159;0.04628047
QuickRigCharacter_RightArm;-0.03431944;-0.003120701;0.04402872
QuickRigCharacter_RightArm;-0.03659983;0.006208727;0.04075507
QuickRigCharacter_RightArm;-0.03820383;0.009682771;0.03767345
Plane;0.4481442;-1.102952E-07;-0.8020309
Plane;0.4525069;-1.102952E-07;-0.8018788
Plane;0.4523694;-1.102952E-07;-0.7987723
QuickRigCharacter_RightArm;-0.03357117;-0.005502222;0.04472267
QuickRigCharacter_RightArm;-0.03446917;-0.01100553;0.04256057
QuickRigCharacter_RightArm;-0.03267976;-0.003644224;0.04596334
QuickRigCharacter_RightArm;-0.03125415;0.0005133961;0.04769624
QuickRigCharacter_RightArm;-0.02875592;-0.007091256;0.0497329
QuickRigCharacter_RightArm;-0.02915394;-0.009163785;0.04901257
QuickRigCharacter_RightArm;-0.02989625;-0.01190657;0.04765803
QuickRigCharacter_RightArm;-0.03277053;-0.01126601;0.04460962
Plane;0.4445577;-1.102952E-07;-0.8036708
Plane;0.4481613;-1.102952E-07;-0.8058354
Plane;0.4512631;-1.102952E-07;-0.8091598
Plane;0.4517114;-1.102952E-07;-0.810829
Plane;0.4473926;-1.102952E-07;-0.8128996
Plane;0.4490562;-1.102952E-07;-0.8043997
Plane;0.4583519;-1.102952E-07;-0.8014314
Plane;0.4632345;-1.102952E-07;-0.7978751
QuickRigCharacter_RightArm;-0.0352811;0.006915752;0.04241363
QuickRigCharacter_RightArm;-0.03595031;-0.002771668;0.04197013
QuickRigCharacter_RightArm;-0.03031788;-0.01121636;0.04735706
QuickRigCharacter_RightArm;-0.02568989;-0.005841038;0.05272189
QuickRigCharacter_RightArm;-0.02469985;-0.0008622539;0.05386929
QuickRigCharacter_RightArm;0.03054225;-0.03738017;0.05918914
QuickRigCharacter_RightArm;0.1318886;-0.05153239;0.04739349
QuickRigCharacter_RightArm;0.1298746;-0.05139734;0.04751012
QuickRigCharacter_RightArm;0.1316787;-0.05084108;0.0481304
QuickRigCharacter_RightArm;0.1361663;-0.05146248;0.04744267
QuickRigCharacter_RightArm;0.1383513;-0.05136266;0.04756211
QuickRigCharacter_RightArm;0.1397726;-0.05138666;0.04754167
QuickRigCharacter_RightArm;0.1405433;-0.04936565;0.04963822
QuickRigCharacter_RightArm;0.1428854;-0.04691715;0.05194923
QuickRigCharacter_RightArm;0.1457892;-0.04590357;0.05285387
QuickRigCharacter_RightArm;0.1505433;-0.04673677;0.052109
QuickRigCharacter_RightArm;0.152771;-0.04563398;0.05307981
QuickRigCharacter_RightArm;0.1524521;-0.045489;0.05321028
QuickRigCharacter_RightArm;0.1610746;-0.04904212;0.04995839
QuickRigCharacter_RightArm;0.2294347;-0.05265756;0.04612286
QuickRigCharacter_RightArm;0.2368375;-0.05241484;0.04641061
QuickRigCharacter_RightArm;0.238474;-0.05007355;0.04891499
QuickRigCharacter_RightArm;0.2419559;-0.05055641;0.04841772
QuickRigCharacter_RightArm;0.2456857;-0.04990503;0.04908783
QuickRigCharacter_RightArm;0.2485248;-0.04857193;0.05040416
QuickRigCharacter_RightForeArm;0.1319577;-0.04614568;0.01927673
QuickRigCharacter_RightForeArm;0.1398053;-0.04633414;0.01883707
QuickRigCharacter_RightForeArm;0.1365202;-0.04684585;0.01751822
QuickRigCharacter_RightForeArm;0.1381594;-0.04654226;0.01829385
QuickRigCharacter_RightForeArm;0.1358371;-0.04508246;0.02158746
QuickRigCharacter_RightForeArm;0.1348072;-0.04494816;0.02193174
QuickRigCharacter_RightForeArm;0.1315484;-0.04458103;0.0226458
QuickRigCharacter_RightForeArm;0.1276096;-0.04470337;0.02242467
QuickRigCharacter_RightForeArm;0.1232393;-0.04473045;0.02235123
QuickRigCharacter_RightForeArm;0.1201741;-0.04486898;0.02207943
QuickRigCharacter_RightForeArm;0.2525216;-0.0469465;0.0172248
QuickRigCharacter_RightForeArm;0.3729296;-0.04729;0.01624216
QuickRigCharacter_RightForeArm;0.3733395;-0.04734725;0.01609841
QuickRigCharacter_RightForeArm;0.3734643;-0.04832805;0.01283182
QuickRigCharacter_RightForeArm;0.3764094;-0.04920019;0.008877477
QuickRigCharacter_RightForeArm;0.378938;-0.04939052;0.007719481
QuickRigCharacter_RightForeArm;0.3904055;-0.04962713;0.006210683
QuickRigCharacter_RightForeArm;0.4134505;-0.04735297;-0.008845648
QuickRigCharacter_RightForeArm;0.4105866;-0.0486653;-0.004394344
QuickRigCharacter_RightForeArm;0.4066951;-0.04950047;-0.002117738
QuickRigCharacter_RightForeArm;0.4099638;-0.04867937;-0.005588873
QuickRigCharacter_RightForeArm;0.4063622;-0.04896775;-0.007942421
QuickRigCharacter_RightForeArm;0.4064068;-0.04939219;-0.004603936
QuickRigCharacter_RightForeArm;0.411149;-0.04872901;-0.001466535
QuickRigCharacter_RightForeArm;0.4092663;-0.04912353;-0.001074791
QuickRigCharacter_RightForeArm;0.4000833;-0.04988185;-0.00355621
QuickRigCharacter_RightForeArm;0.4016202;-0.04951409;-0.00662045
QuickRigCharacter_RightForeArm;0.3938793;-0.04915977;-0.00918108
QuickRigCharacter_RightForeArm;0.3878219;-0.04800551;-0.01400458
QuickRigCharacter_RightForeArm;0.4037589;-0.04628415;-0.01858203
QuickRigCharacter_RightForeArm;0.3964152;-0.04782334;-0.01455161
QuickRigCharacter_RightForeArm;0.3908899;-0.04907857;-0.009477487
QuickRigCharacter_RightForeArm;0.3924448;-0.04919288;-0.008992089
QuickRigCharacter_RightForeArm;0.3950701;-0.0492212;-0.008788109
QuickRigCharacter_RightForeArm;0.3938084;-0.0493662;-0.007930212
QuickRigCharacter_RightForeArm;0.392558;-0.04943237;-0.007526333
QuickRigCharacter_RightForeArm;0.3933052;-0.04951597;-0.006926673
QuickRigCharacter_RightForeArm;0.3936938;-0.04951142;-0.006888561
QuickRigCharacter_RightForeArm;0.3911572;-0.04905979;-0.009638282
QuickRigCharacter_RightForeArm;0.379833;-0.04696626;-0.01713781
QuickRigCharacter_RightForeArm;0.3762556;-0.0470016;-0.01702982
QuickRigCharacter_RightForeArm;0.3793067;-0.04748379;-0.01567517
QuickRigCharacter_RightForeArm;0.3830995;-0.04899083;-0.01002498
QuickRigCharacter_RightForeArm;0.3888597;-0.04890968;-0.01041644
QuickRigCharacter_RightForeArm;0.3886694;-0.04903289;-0.009815264
QuickRigCharacter_RightForeArm;0.3907892;-0.04943362;-0.0075798
QuickRigCharacter_RightForeArm;0.3920112;-0.04953386;-0.006757817
QuickRigCharacter_RightForeArm;0.3950639;-0.0496196;-0.006257769
QuickRigCharacter_RightForeArm;0.3986208;-0.04985561;-0.003831069
QuickRigCharacter_RightForeArm;0.3954729;-0.0498668;-0.003380782
QuickRigCharacter_RightForeArm;0.3939396;-0.0498923;-0.003280145
QuickRigCharacter_RightForeArm;0.3974266;-0.04994893;-0.002353258
QuickRigCharacter_RightForeArm;0.3971733;-0.0499778;0.001561202
QuickRigCharacter_RightForeArm;0.3939604;-0.04981873;0.004225898
QuickRigCharacter_RightForeArm;0.3934808;-0.04981622;-0.004285368
QuickRigCharacter_RightForeArm;0.3912372;-0.04946272;-0.007462261
QuickRigCharacter_RightForeArm;0.3921033;-0.05000208;0.0008577106
QuickRigCharacter_RightForeArm;0.391718;-0.04999517;0.0007589979
QuickRigCharacter_RightForeArm;0.3933576;-0.05000925;-0.0005480758
QuickRigCharacter_RightForeArm;0.3966369;-0.05000184;-0.0008633675
QuickRigCharacter_RightForeArm;0.3965214;-0.04999577;0.0005412194
QuickRigCharacter_RightForeArm;0.3933657;-0.04993794;-0.002345347
QuickRigCharacter_RightForeArm;0.392651;-0.0499728;-0.001614729
QuickRigCharacter_RightForeArm;0.3917739;-0.04994458;-0.00240538
QuickRigCharacter_RightForeArm;0.3894076;-0.04915139;-0.009150408
QuickRigCharacter_RightForeArm;0.3923036;-0.04989073;-0.003404374
QuickRigCharacter_RightForeArm;0.3930957;-0.0499185;-0.003035893
QuickRigCharacter_RightForeArm;0.3933982;-0.04994098;-0.002460624
QuickRigCharacter_RightForeArm;0.3954476;-0.04999823;0.0005985684
QuickRigCharacter_RightForeArm;0.3958208;-0.04971435;-0.005481668
QuickRigCharacter_RightForeArm;0.3944074;-0.0499013;-0.003384003
QuickRigCharacter_RightForeArm;0.3919193;-0.049863;-0.003851156
QuickRigCharacter_RightForeArm;0.3899318;-0.04965059;-0.006043854
QuickRigCharacter_RightForeArm;0.3885241;-0.04955568;-0.006550704
QuickRigCharacter_RightForeArm;0.3876164;-0.04945859;-0.00732014
QuickRigCharacter_RightForeArm;0.3888584;-0.04936024;-0.00794523
QuickRigCharacter_RightForeArm;0.3932227;-0.04970482;-0.005521724
QuickRigCharacter_RightForeArm;0.3929989;-0.04994215;-0.002544525
QuickRigCharacter_RightForeArm;0.3929154;-0.04992488;-0.002651842
QuickRigCharacter_RightForeArm;0.385964;-0.04940073;-0.007693749
QuickRigCharacter_RightForeArm;0.3832399;-0.04908568;-0.009554261
QuickRigCharacter_RightForeArm;0.3851787;-0.04935384;-0.007995285
QuickRigCharacter_RightForeArm;0.3878206;-0.04944033;-0.007492365
QuickRigCharacter_RightForeArm;0.3905862;-0.04961729;-0.006166505
QuickRigCharacter_RightForeArm;0.3898096;-0.049821;-0.004200437
QuickRigCharacter_RightForeArm;0.3859539;-0.04994014;-0.00235196
QuickRigCharacter_RightForeArm;0.3898873;-0.04960444;-0.006251444
QuickRigCharacter_RightForeArm;0.3947869;-0.04949879;-0.007042782
QuickRigCharacter_RightForeArm;0.3981887;-0.04949822;-0.007005136
QuickRigCharacter_RightForeArm;0.3997781;-0.04939699;-0.007692888
QuickRigCharacter_RightForeArm;0.4009683;-0.04970002;-0.005514749
QuickRigCharacter_RightForeArm;0.4062486;-0.04962036;0.0001380369
QuickRigCharacter_RightForeArm;0.4092084;-0.04878043;0.006085953
QuickRigCharacter_RightForeArm;0.4035344;-0.04985326;0.002000305
QuickRigCharacter_RightForeArm;0.3963221;-0.04997568;-0.001657018
QuickRigCharacter_RightForeArm;0.3932014;-0.04953091;-0.006773925
QuickRigCharacter_RightForeArm;0.3911299;-0.04922688;-0.008805247
QuickRigCharacter_RightForeArm;0.3913054;-0.04950318;-0.007115072
QuickRigCharacter_RightForeArm;0.3881772;-0.04987418;-0.003396952
QuickRigCharacter_RightForeArm;0.3861244;-0.04984571;-0.004027775
QuickRigCharacter_RightForeArm;0.3877526;-0.04973448;-0.005311914
QuickRigCharacter_RightForeArm;0.383719;-0.04979564;-0.004414822
QuickRigCharacter_RightForeArm;0.3825232;-0.0500106;-0.0003618448
QuickRigCharacter_RightForeArm;0.3808267;-0.04997203;-0.001586198
QuickRigCharacter_RightForeArm;0.3795944;-0.04959952;-0.006362452
QuickRigCharacter_RightForeArm;0.3794807;-0.04944649;-0.007506823
QuickRigCharacter_RightForeArm;0.3820332;-0.05000387;0.000617625
QuickRigCharacter_RightForeArm;0.3816823;-0.04973917;0.004978022
QuickRigCharacter_RightForeArm;0.3803677;-0.04950872;0.006941782
QuickRigCharacter_RightForeArm;0.3810653;-0.04992639;0.002878587
QuickRigCharacter_RightForeArm;0.3815346;-0.0499997;-0.0005280374
QuickRigCharacter_RightForeArm;0.3844822;-0.04869338;-0.01130271
QuickRigCharacter_RightForeArm;0.3879491;-0.04709866;-0.01673616
QuickRigCharacter_RightForeArm;0.3866462;-0.04906935;-0.009631783
QuickRigCharacter_RightForeArm;0.3869591;-0.04840853;-0.01252337
QuickRigCharacter_RightForeArm;0.3870618;-0.04826504;-0.0131216
QuickRigCharacter_RightForeArm;0.3891641;-0.04843881;-0.01242648
QuickRigCharacter_RightForeArm;0.3916666;-0.04911909;-0.009315293
QuickRigCharacter_RightForeArm;0.3929787;-0.04928635;-0.008435976
QuickRigCharacter_RightForeArm;0.3961666;-0.04928872;-0.008474803
QuickRigCharacter_RightForeArm;0.3984961;-0.04927117;-0.008564519
QuickRigCharacter_RightForeArm;0.3997996;-0.04941843;-0.007539077
QuickRigCharacter_RightForeArm;0.3981035;-0.04972277;-0.005338075
QuickRigCharacter_RightForeArm;0.3976654;-0.04995167;-0.002240687
QuickRigCharacter_RightForeArm;0.3972187;-0.0499908;0.0005800872
QuickRigCharacter_RightForeArm;0.3934146;-0.04995228;-0.002290513
QuickRigCharacter_RightForeArm;0.3895589;-0.04868423;-0.01141203
QuickRigCharacter_RightForeArm;0.3870538;-0.04946268;-0.007456003
QuickRigCharacter_RightForeArm;0.3830809;-0.04940617;-0.007641716
QuickRigCharacter_RightForeArm;0.3821341;-0.04804019;-0.01385222
QuickRigCharacter_RightForeArm;0.3832568;-0.0475138;-0.01556614
QuickRigCharacter_RightForeArm;0.3854429;-0.04942535;-0.007606311
QuickRigCharacter_RightForeArm;0.3879606;-0.0494503;-0.00736402
QuickRigCharacter_RightForeArm;0.3871767;-0.04948176;-0.007200444
QuickRigCharacter_RightForeArm;0.387502;-0.04948824;-0.007151432
QuickRigCharacter_RightForeArm;0.3876717;-0.0497402;-0.005199237
QuickRigCharacter_RightForeArm;0.3882934;-0.04987253;-0.003657724
QuickRigCharacter_RightForeArm;0.3898052;-0.04998634;0.0005124136
QuickRigCharacter_RightForeArm;0.3880802;-0.04997711;-0.001380898
QuickRigCharacter_RightForeArm;0.3875833;-0.04990145;-0.003308538
QuickRigCharacter_RightForeArm;0.3823405;-0.04979546;-0.004619363
QuickRigCharacter_RightForeArm;0.3818687;-0.0496414;-0.006005025
QuickRigCharacter_RightForeArm;0.3843641;-0.04939073;-0.007840501
QuickRigCharacter_RightForeArm;0.3844744;-0.04946794;-0.007346839
QuickRigCharacter_RightForeArm;0.3873459;-0.04969076;-0.005398034
QuickRigCharacter_RightForeArm;0.3883017;-0.04948888;-0.007137777
QuickRigCharacter_RightForeArm;0.387706;-0.04924452;-0.008589288
QuickRigCharacter_RightForeArm;0.3867896;-0.04943664;-0.007493237
QuickRigCharacter_RightForeArm;0.3850942;-0.04972116;-0.005160442
QuickRigCharacter_RightForeArm;0.3874886;-0.04990219;-0.003047082
QuickRigCharacter_RightForeArm;0.3950693;-0.04991489;-0.002653348
QuickRigCharacter_RightForeArm;0.3958626;-0.04995462;0.001993045
QuickRigCharacter_RightForeArm;0.3966189;-0.04953152;0.006947925
QuickRigCharacter_RightForeArm;0.3964129;-0.04997341;0.001737274
QuickRigCharacter_RightForeArm;0.3915499;-0.04997516;-0.001662898
QuickRigCharacter_RightForeArm;0.3893956;-0.04994988;-0.002416327
QuickRigCharacter_RightForeArm;0.3904374;-0.04998088;-0.001311648
QuickRigCharacter_RightForeArm;0.3912177;-0.0499962;0.000618439
QuickRigCharacter_RightForeArm;0.3850261;-0.04971746;0.005387782
QuickRigCharacter_RightForeArm;0.3840886;-0.04976843;0.004858754
QuickRigCharacter_RightForeArm;0.3867157;-0.04970596;0.005493669
QuickRigCharacter_RightForeArm;0.3902599;-0.04964275;0.005992612
QuickRigCharacter_RightForeArm;0.3865098;-0.04986899;0.003763675
QuickRigCharacter_RightForeArm;0.3835593;-0.04997906;0.001853372
QuickRigCharacter_RightForeArm;0.3803246;-0.04965741;-0.005987322
QuickRigCharacter_RightForeArm;0.3730455;-0.04942523;-0.007505933
QuickRigCharacter_RightForeArm;0.3734927;-0.0499134;-0.002980235
QuickRigCharacter_RightForeArm;0.377368;-0.04998105;-0.001479767
QuickRigCharacter_RightForeArm;0.3793943;-0.04999989;-0.0001515448
QuickRigCharacter_RightForeArm;0.3771538;-0.04998345;-0.0014918
QuickRigCharacter_RightForeArm;0.3768369;-0.04992317;-0.002687327
QuickRigCharacter_RightForeArm;0.3769538;-0.04988207;-0.003374375
QuickRigCharacter_RightForeArm;0.3785042;-0.04997261;-0.001567658
QuickRigCharacter_RightForeArm;0.3777536;-0.05001128;-0.0003626867
QuickRigCharacter_RightForeArm;0.3768403;-0.04998501;-0.001178384
QuickRigCharacter_RightForeArm;0.3783203;-0.04995672;-0.002190623
QuickRigCharacter_RightForeArm;0.3827567;-0.05000354;-0.0004221871
QuickRigCharacter_RightForeArm;0.3924031;-0.04998994;0.0009909605
QuickRigCharacter_RightForeArm;0.395208;-0.04993542;-0.0025382
QuickRigCharacter_RightForeArm;0.386986;-0.04992165;-0.003031931
QuickRigCharacter_RightForeArm;0.3825111;-0.04994061;-0.002409569
QuickRigCharacter_RightForeArm;0.3798623;-0.04998302;-0.0009788757
QuickRigCharacter_RightForeArm;0.3820595;-0.04996307;0.001859709
QuickRigCharacter_RightForeArm;0.3782373;-0.0491054;0.009419927
QuickRigCharacter_RightForeArm;0.3817752;-0.04884467;0.01067093
QuickRigCharacter_RightForeArm;0.3859857;-0.04890864;0.01043076
QuickRigCharacter_RightForeArm;0.3875853;-0.04901575;0.009967473
QuickRigCharacter_RightForeArm;0.3816027;-0.04913826;0.009267038
QuickRigCharacter_RightForeArm;0.3729128;-0.04948298;0.007140329
QuickRigCharacter_RightForeArm;0.3701331;-0.04951854;0.007072235
QuickRigCharacter_RightForeArm;0.3688842;-0.04932877;0.008162649
QuickRigCharacter_RightForeArm;0.3696597;-0.04968721;0.005608241
QuickRigCharacter_RightForeArm;0.3650079;-0.04999373;0.0002836026
QuickRigCharacter_RightForeArm;0.3637733;-0.04966835;0.005777726
QuickRigCharacter_RightForeArm;0.3619241;-0.04980311;0.004432498
QuickRigCharacter_RightForeArm;0.3585415;-0.0499365;0.002755831
QuickRigCharacter_RightForeArm;0.3594002;-0.04988212;0.003392025
QuickRigCharacter_RightForeArm;0.3609979;-0.04977284;0.004774894
QuickRigCharacter_RightForeArm;0.3615957;-0.04962671;0.006119995
QuickRigCharacter_RightForeArm;0.3612364;-0.04981603;0.004327933
QuickRigCharacter_RightForeArm;0.3610514;-0.04999281;0.0005963332
QuickRigCharacter_RightForeArm;0.363304;-0.04996271;0.001984134
QuickRigCharacter_RightForeArm;0.3638347;-0.0495005;0.007058626
QuickRigCharacter_RightForeArm;0.3626429;-0.0498479;0.003982886
QuickRigCharacter_RightForeArm;0.3653712;-0.0499621;-0.002157531
QuickRigCharacter_RightForeArm;0.3663293;-0.0499827;-0.001467555
QuickRigCharacter_RightForeArm;0.3672198;-0.04983344;0.004074524
QuickRigCharacter_RightForeArm;0.3650649;-0.04968006;0.005703139
QuickRigCharacter_RightForeArm;0.3572869;-0.04949006;0.007159078
QuickRigCharacter_RightForeArm;0.3519136;-0.04931389;0.008276908
QuickRigCharacter_RightForeArm;0.3547535;-0.04972761;0.005448623
QuickRigCharacter_RightForeArm;0.3545409;-0.04994313;-0.002513315
QuickRigCharacter_RightForeArm;0.3587765;-0.04998476;0.001081306
QuickRigCharacter_RightForeArm;0.343781;-0.0499921;0.000537075
QuickRigCharacter_RightForeArm;0.3421616;-0.04995925;0.001557618
QuickRigCharacter_RightForeArm;0.3548217;-0.04996179;0.002348836
QuickRigCharacter_RightForeArm;0.355308;-0.04994807;0.002636167
QuickRigCharacter_RightForeArm;0.3557058;-0.0498203;0.004152033
QuickRigCharacter_RightForeArm;0.361472;-0.04966086;0.005838531
QuickRigCharacter_RightForeArm;0.3701745;-0.04915092;0.009105636
QuickRigCharacter_RightForeArm;0.3792556;-0.04863725;0.01156502
QuickRigCharacter_RightForeArm;0.3916291;-0.04808709;0.01367446
QuickRigCharacter_RightForeArm;0.3958979;-0.04714322;0.01662516
QuickRigCharacter_RightForeArm;0.3899865;-0.04701529;0.01705924
QuickRigCharacter_RightForeArm;0.3788226;-0.04765164;0.01511345
QuickRigCharacter_RightForeArm;0.3772906;-0.04874142;0.01116825
QuickRigCharacter_RightForeArm;0.3840189;-0.04829442;0.01293854
QuickRigCharacter_RightForeArm;0.3832308;-0.04786525;0.01446506
QuickRigCharacter_RightForeArm;0.3840898;-0.04883955;0.01075506
QuickRigCharacter_RightForeArm;0.3803647;-0.0497809;0.004671595
QuickRigCharacter_RightForeArm;0.3805693;-0.04964251;0.0058576
QuickRigCharacter_RightForeArm;0.3776472;-0.04901962;0.009806258
QuickRigCharacter_RightForeArm;0.3755128;-0.04952127;0.007014839
QuickRigCharacter_RightForeArm;0.3673913;-0.04980287;-0.00455464
QuickRigCharacter_RightForeArm;0.3637054;-0.04989122;0.003382816
QuickRigCharacter_RightForeArm;0.36622;-0.04990404;0.00321412
QuickRigCharacter_RightForeArm;0.372131;-0.04980943;0.00442092
QuickRigCharacter_RightForeArm;0.3742648;-0.04962523;0.006109072
QuickRigCharacter_RightForeArm;0.3749058;-0.04957665;0.006543981
QuickRigCharacter_RightForeArm;0.3753098;-0.04963345;0.006047281
QuickRigCharacter_RightForeArm;0.3795542;-0.04949202;0.007055013
QuickRigCharacter_RightForeArm;0.3838573;-0.04930069;0.008316105
QuickRigCharacter_RightForeArm;0.3894621;-0.0486875;0.01143159
QuickRigCharacter_RightForeArm;0.3925644;-0.04936974;0.007914854
QuickRigCharacter_RightForeArm;0.3976254;-0.04995502;0.001714445
QuickRigCharacter_RightForeArm;0.3979594;-0.04998297;0.001388412
QuickRigCharacter_RightForeArm;0.3985144;-0.05000726;-6.633623E-05
QuickRigCharacter_RightForeArm;0.3973463;-0.04996093;0.001660734
QuickRigCharacter_RightForeArm;0.3932004;-0.0498724;0.003552
QuickRigCharacter_RightForeArm;0.3909242;-0.04979776;0.004503979
QuickRigCharacter_RightForeArm;0.3933471;-0.04981472;0.004393338
QuickRigCharacter_RightForeArm;0.3936015;-0.04957126;0.00645881
Plane;0.4739998;1.102952E-07;0.8005101
QuickRigCharacter_RightUpLeg;0.2427735;0.07599911;-0.04820013
QuickRigCharacter_RightUpLeg;0.2321516;0.07955975;-0.04206519
QuickRigCharacter_RightUpLeg;0.2256161;0.07712289;-0.04639207
QuickRigCharacter_RightUpLeg;0.2281687;0.07461026;-0.05032532
QuickRigCharacter_RightUpLeg;0.2302957;0.07339157;-0.05209558
QuickRigCharacter_RightUpLeg;0.2326998;0.07329681;-0.05222241
QuickRigCharacter_RightUpLeg;0.2377435;0.07504071;-0.04968441
QuickRigCharacter_RightLeg;0.0719838;0.06578794;-0.02392333
QuickRigCharacter_RightLeg;0.2405319;0.06831446;-0.01529622
QuickRigCharacter_RightLeg;0.2395992;0.06734856;-0.01907221
QuickRigCharacter_RightLeg;0.2445975;0.06664866;-0.02139702
QuickRigCharacter_RightLeg;0.2480738;0.06663956;-0.02144323
QuickRigCharacter_RightLeg;0.2519356;0.06661095;-0.02152354
QuickRigCharacter_RightLeg;0.261313;0.06534322;-0.0250981
QuickRigCharacter_RightLeg;0.2708875;0.06768835;-0.01787386
QuickRigCharacter_RightLeg;0.2966567;0.06977817;-0.005551109
QuickRigCharacter_RightLeg;0.3010936;0.06978188;-0.005540201
QuickRigCharacter_RightLeg;0.3031529;0.06981411;-0.005082698
QuickRigCharacter_RightLeg;0.3046057;0.06994951;-0.002794381
QuickRigCharacter_RightLeg;0.3082446;0.06993928;-0.002917324
QuickRigCharacter_RightLeg;0.3095671;0.06961941;-0.00730059
QuickRigCharacter_RightLeg;0.3059841;0.06999841;-0.0009799351
QuickRigCharacter_RightLeg;0.3015159;0.06970508;0.006402034
QuickRigCharacter_RightLeg;0.3046592;0.06989352;-0.003884558
QuickRigCharacter_RightLeg;0.307233;0.06941824;-0.008954994
QuickRigCharacter_RightLeg;0.3069888;0.06974065;-0.006001295
QuickRigCharacter_RightLeg;0.3051627;0.06997623;-0.002191901
QuickRigCharacter_RightLeg;0.3057855;0.06978256;-0.00552489
QuickRigCharacter_RightLeg;0.3065382;0.06935906;-0.009415232
QuickRigCharacter_RightLeg;0.3073584;0.0690356;-0.01159368
QuickRigCharacter_RightLeg;0.3065965;0.0692696;-0.01012925
QuickRigCharacter_RightLeg;0.294321;0.06999333;0.001093641
QuickRigCharacter_RightLeg;0.2933768;0.06998675;0.001621769
QuickRigCharacter_RightLeg;0.2935604;0.06999353;0.001217595
QuickRigCharacter_RightLeg;0.2931405;0.06994163;0.002845576
QuickRigCharacter_RightLeg;0.2943484;0.06992733;0.003270365
QuickRigCharacter_RightLeg;0.2921759;0.06988655;0.004034655
QuickRigCharacter_RightLeg;0.2877864;0.06995361;0.00256012
QuickRigCharacter_RightLeg;0.2855173;0.06999747;0.0007560902
QuickRigCharacter_RightLeg;0.2864493;0.06994016;-0.002871737
QuickRigCharacter_RightLeg;0.2903841;0.06992377;-0.003322429
QuickRigCharacter_RightLeg;0.2921067;0.06990244;-0.003715216
QuickRigCharacter_RightLeg;0.2922982;0.06978965;-0.005445499
QuickRigCharacter_RightLeg;0.291063;0.06983627;-0.004811447
QuickRigCharacter_RightLeg;0.2906027;0.06972074;-0.006291442
QuickRigCharacter_RightLeg;0.2901327;0.06972138;-0.006219608
QuickRigCharacter_RightLeg;0.2930401;0.06984887;-0.004582586
QuickRigCharacter_RightLeg;0.3009523;0.06960811;-0.00741853
QuickRigCharacter_RightLeg;0.3039659;0.06923465;-0.01034629
QuickRigCharacter_RightLeg;0.3005596;0.06983595;-0.00477189
QuickRigCharacter_RightLeg;0.2998635;0.06997987;-0.001659995
QuickRigCharacter_RightLeg;0.3011452;0.0699989;0.0002578553
QuickRigCharacter_RightLeg;0.295138;0.06979817;0.005256451
QuickRigCharacter_RightLeg;0.2906492;0.06987462;0.004132984
QuickRigCharacter_RightLeg;0.2915138;0.06993347;0.003108625
QuickRigCharacter_RightLeg;0.2892364;0.06980385;0.005282772
QuickRigCharacter_RightLeg;0.2884671;0.06977018;0.005626707
QuickRigCharacter_RightLeg;0.2890317;0.06987425;0.004234944
QuickRigCharacter_RightLeg;0.2923788;0.06991041;0.00357496
QuickRigCharacter_RightLeg;0.2952124;0.06990009;0.00371358
QuickRigCharacter_RightLeg;0.2998712;0.06980633;0.005231114
QuickRigCharacter_RightLeg;0.3064533;0.06953882;0.007998455
QuickRigCharacter_RightLeg;0.3207465;0.06953414;0.008059
QuickRigCharacter_RightLeg;0.3324731;0.0697588;0.005861766
QuickRigCharacter_RightLeg;0.3468566;0.06984013;0.004722073
QuickRigCharacter_RightLeg;0.3491561;0.06998827;0.001521104
QuickRigCharacter_RightLeg;0.360586;0.06996514;0.002209136
QuickRigCharacter_RightLeg;0.3665117;0.06995961;0.002222428
QuickRigCharacter_RightLeg;0.3816656;0.06994937;0.002295916
QuickRigCharacter_RightLeg;0.3843262;0.06982176;0.002582247
QuickRigCharacter_RightLeg;0.4059829;0.06467891;0.006561969
QuickRigCharacter_RightLeg;0.4140522;0.061142;0.001303752
QuickRigCharacter_RightLeg;0.4116654;0.06120445;0.01232593
QuickRigCharacter_RightLeg;0.4222228;0.05481707;0.01061197
QuickRigCharacter_RightLeg;0.4125574;0.06127838;0.009240784
QuickRigCharacter_RightLeg;0.4083407;0.06373502;0.005936308
QuickRigCharacter_RightLeg;0.3791928;0.06992331;0.003229443
QuickRigCharacter_RightLeg;0.3799326;0.06995746;0.00249397
QuickRigCharacter_RightLeg;0.3894676;0.06931418;0.00246794
QuickRigCharacter_RightLeg;0.385134;0.06936071;0.008007829
QuickRigCharacter_RightLeg;0.3893149;0.06889729;0.0080879
QuickRigCharacter_RightLeg;0.3872492;0.06903756;0.008994868
QuickRigCharacter_RightLeg;0.3885907;0.06890776;0.008817628
QuickRigCharacter_RightLeg;0.3827805;0.06976392;0.005150854
QuickRigCharacter_RightLeg;0.3910848;0.06890616;0.005415124
QuickRigCharacter_RightLeg;0.4091402;0.06344215;0.005200398
QuickRigCharacter_RightLeg;0.4268053;0.05135477;0.008654844
QuickRigCharacter_RightLeg;0.4117711;0.06060861;0.01482867
QuickRigCharacter_RightLeg;0.4159897;0.05922869;0.009993233
QuickRigCharacter_RightLeg;0.4277537;0.05106867;0.003274707
QuickRigCharacter_RightLeg;0.4228876;0.05488546;0.007090989
QuickRigCharacter_RightLeg;0.4004589;0.06499507;0.01610201
QuickRigCharacter_RightLeg;0.388813;0.06594128;0.02178477
QuickRigCharacter_RightLeg;0.378881;0.06543325;0.02486885
QuickRigCharacter_RightLeg;0.3613683;0.06454059;0.02710449
QuickRigCharacter_RightLeg;0.3550955;0.06418188;0.027921
QuickRigCharacter_RightLeg;0.3573963;0.06265222;0.03122613
QuickRigCharacter_RightLeg;0.3504717;0.06335811;0.02975876
QuickRigCharacter_RightLeg;0.3528422;0.06509562;0.02575603
QuickRigCharacter_RightLeg;0.3581885;0.06701758;0.0202213
QuickRigCharacter_RightLeg;0.356786;0.06879489;0.01288929
QuickRigCharacter_RightLeg;0.3628263;0.06873313;0.01325271
QuickRigCharacter_RightLeg;0.3661462;0.06835615;0.01506784
QuickRigCharacter_RightLeg;0.3579286;0.06685735;0.02075
QuickRigCharacter_RightLeg;0.3610242;0.06656317;0.02167819
QuickRigCharacter_RightLeg;0.3488812;0.06767629;0.0178937
QuickRigCharacter_RightLeg;0.3502473;0.0683397;0.01516219
QuickRigCharacter_RightLeg;0.3512458;0.06873422;0.01327505
QuickRigCharacter_RightLeg;0.3567596;0.06909877;0.01119678
QuickRigCharacter_RightLeg;0.3540659;0.06808335;0.01626388
QuickRigCharacter_RightLeg;0.3692596;0.0674907;0.01856797
QuickRigCharacter_RightLeg;0.3782259;0.0671046;0.01990067
QuickRigCharacter_RightLeg;0.37374;0.06711964;0.01987424
QuickRigCharacter_RightLeg;0.37728;0.0671462;0.01979276
QuickRigCharacter_RightLeg;0.3725923;0.06727353;0.01935532
QuickRigCharacter_RightLeg;0.3670557;0.06708447;0.02000938
QuickRigCharacter_RightLeg;0.3614934;0.06750817;0.01850456
QuickRigCharacter_RightLeg;0.3620795;0.06705373;0.02009358
QuickRigCharacter_RightLeg;0.3633986;0.0667314;0.02115055
QuickRigCharacter_RightLeg;0.3613527;0.06700694;0.02025382
QuickRigCharacter_RightLeg;0.3468304;0.06811171;0.01616618
QuickRigCharacter_RightLeg;0.3458946;0.06834327;0.01514632
QuickRigCharacter_RightLeg;0.3388975;0.06851538;0.01434961
QuickRigCharacter_RightLeg;0.3429238;0.06861375;0.01386031
QuickRigCharacter_RightLeg;0.3489458;0.06893312;0.0121975
QuickRigCharacter_RightLeg;0.3521973;0.06911647;0.0110961
QuickRigCharacter_RightLeg;0.3533337;0.06777096;0.01750208
QuickRigCharacter_RightLeg;0.3496671;0.06799746;0.01663355
QuickRigCharacter_RightLeg;0.3495689;0.06814057;0.01601655
QuickRigCharacter_RightLeg;0.3502583;0.06802589;0.0164946
QuickRigCharacter_RightLeg;0.3486986;0.0682577;0.0155315
QuickRigCharacter_RightLeg;0.3485104;0.06838055;0.01497113
QuickRigCharacter_RightLeg;0.3457223;0.06838742;0.01494725
QuickRigCharacter_RightLeg;0.3436548;0.06857286;0.01405663
QuickRigCharacter_RightLeg;0.3433641;0.06855332;0.01416298
QuickRigCharacter_RightLeg;0.3452613;0.06893726;0.01216428
QuickRigCharacter_RightLeg;0.3456305;0.06935126;0.009496999
QuickRigCharacter_RightLeg;0.3451197;0.06946972;0.008643109
QuickRigCharacter_RightLeg;0.3503363;0.06914432;0.01093125
QuickRigCharacter_RightLeg;0.3475881;0.06980662;0.005155299
QuickRigCharacter_RightLeg;0.3467797;0.069969;0.002138937
QuickRigCharacter_RightLeg;0.3469442;0.0681347;0.01607129
QuickRigCharacter_RightLeg;0.3472008;0.06761909;0.01811335
QuickRigCharacter_RightLeg;0.3099315;0.06763395;0.01804152
QuickRigCharacter_RightLeg;0.3076157;0.06929079;0.01000446
QuickRigCharacter_RightLeg;0.304093;0.06976761;0.005683111
QuickRigCharacter_RightLeg;0.295883;0.06959555;0.007542846
QuickRigCharacter_RightLeg;0.2958794;0.0694306;0.008916662
QuickRigCharacter_RightLeg;0.2984172;0.06956814;0.007809873
QuickRigCharacter_RightLeg;0.3041233;0.0696137;0.007284658
QuickRigCharacter_RightLeg;0.3016806;0.06993027;0.00316999
QuickRigCharacter_RightLeg;0.2993888;0.0699818;0.001575726
QuickRigCharacter_RightLeg;0.2462362;0.06976648;-0.005737258
QuickRigCharacter_RightLeg;0.1510911;0.06949481;-0.008365617
QuickRigCharacter_RightLeg;0.1492867;0.06955572;-0.007840527
QuickRigCharacter_RightLeg;0.141769;0.06964236;-0.007148578
QuickRigCharacter_RightLeg;0.1287006;0.06967144;-0.006735547
QuickRigCharacter_RightUpLeg;0.360521;0.08947384;-0.009738763
QuickRigCharacter_RightUpLeg;0.3253103;0.08845428;-0.01662715
QuickRigCharacter_RightUpLeg;0.3149515;0.08805329;-0.01860136
QuickRigCharacter_RightUpLeg;0.2971717;0.08832835;-0.01730594
QuickRigCharacter_RightUpLeg;0.284674;0.0878367;-0.01963817
QuickRigCharacter_RightUpLeg;0.2806946;0.08817818;-0.0179927
QuickRigCharacter_RightUpLeg;0.2809698;0.08832599;-0.01725062
QuickRigCharacter_RightUpLeg;0.2826351;0.08793756;-0.01915342
QuickRigCharacter_RightUpLeg;0.2661325;0.08971755;-0.007091168
QuickRigCharacter_RightUpLeg;0.2664832;0.08973812;-0.006809656
QuickRigCharacter_RightUpLeg;0.2652725;0.08999792;-0.0008708445
QuickRigCharacter_RightUpLeg;0.2628141;0.08999904;0.001032379
QuickRigCharacter_RightUpLeg;0.2616443;0.08998476;-0.001721234
QuickRigCharacter_RightUpLeg;0.2589138;0.08994032;-0.003216958
QuickRigCharacter_RightUpLeg;0.2573741;0.08985935;-0.004995256
QuickRigCharacter_RightUpLeg;0.2576194;0.08993006;-0.003713514
QuickRigCharacter_RightUpLeg;0.2592891;0.08996883;-0.002384502
QuickRigCharacter_RightUpLeg;0.2628577;0.08994263;-0.003196679
QuickRigCharacter_RightUpLeg;0.2713262;0.0896483;-0.00803063
QuickRigCharacter_RightUpLeg;0.270431;0.08957888;-0.008716106
QuickRigCharacter_RightUpLeg;0.2686743;0.08953261;-0.009140034
QuickRigCharacter_RightUpLeg;0.2664042;0.08962645;-0.008224783
QuickRigCharacter_RightUpLeg;0.2707535;0.08955564;-0.009008208
QuickRigCharacter_RightUpLeg;0.2750799;0.08940135;-0.0103443
QuickRigCharacter_RightUpLeg;0.2796552;0.08949677;-0.009525012
QuickRigCharacter_RightUpLeg;0.2768973;0.08961527;-0.008318743
QuickRigCharacter_RightUpLeg;0.2776366;0.08974469;-0.00685854
QuickRigCharacter_RightUpLeg;0.2809145;0.08985461;-0.005046059
QuickRigCharacter_RightUpLeg;0.2864389;0.08983738;-0.005544321
QuickRigCharacter_RightUpLeg;0.2920806;0.08953845;-0.009063761
QuickRigCharacter_RightUpLeg;0.2930871;0.08933783;-0.01083302
QuickRigCharacter_RightUpLeg;0.2951093;0.08946975;-0.009731097
QuickRigCharacter_RightUpLeg;0.2980705;0.08956449;-0.008813159
QuickRigCharacter_RightUpLeg;0.2983114;0.08911034;-0.01267453
QuickRigCharacter_RightUpLeg;0.2956379;0.08886459;-0.01424247
QuickRigCharacter_RightUpLeg;0.2928547;0.08979185;-0.006173582
QuickRigCharacter_RightUpLeg;0.2937822;0.08989833;-0.004229319
QuickRigCharacter_RightUpLeg;0.2948832;0.08951876;-0.009302342
QuickRigCharacter_RightUpLeg;0.2918757;0.0887477;-0.01497568
QuickRigCharacter_RightUpLeg;0.2926542;0.0884162;-0.01680599
QuickRigCharacter_RightUpLeg;0.2913095;0.08888309;-0.0141753
QuickRigCharacter_RightUpLeg;0.2912212;0.08918726;-0.01211619
QuickRigCharacter_RightUpLeg;0.296495;0.08902103;-0.0132459
QuickRigCharacter_RightUpLeg;0.2997708;0.08903918;-0.01313443
QuickRigCharacter_RightUpLeg;0.2902371;0.08993372;-0.003414878
QuickRigCharacter_RightUpLeg;0.2891495;0.08991754;-0.003982008
QuickRigCharacter_RightUpLeg;0.2871366;0.08995887;-0.002973779
QuickRigCharacter_RightUpLeg;0.2844795;0.08995067;-0.00288892
QuickRigCharacter_RightUpLeg;0.2798117;0.08990765;-0.004130051
QuickRigCharacter_RightUpLeg;0.279392;0.08980303;-0.005967997
QuickRigCharacter_RightUpLeg;0.2800771;0.08979978;-0.006069905
QuickRigCharacter_RightUpLeg;0.1741437;0.08766261;-0.02036808
QuickRigCharacter_RightUpLeg;-0.04688457;-0.02047646;-0.01151303
QuickRigCharacter_Spine1;0.08851157;0.125;-0.09348552
QuickRigCharacter_Spine1;0.07717892;0.125;-0.09124149
QuickRigCharacter_Spine1;0.06715589;0.1250001;-0.09071354
QuickRigCharacter_Spine1;0.05926138;0.1250001;-0.08814231
QuickRigCharacter_Spine1;-0.02481123;0.125;-0.06190978
QuickRigCharacter_Spine1;-0.02978732;0.125;-0.06386315
QuickRigCharacter_Spine1;-0.04285042;0.1250001;-0.06176377
QuickRigCharacter_Spine1;-0.1064586;0.125;-0.026676
QuickRigCharacter_Spine1;-0.1168515;0.125;-0.02328817
QuickRigCharacter_Spine1;-0.1210971;0.125;-0.02434838
QuickRigCharacter_Spine2;-0.02524098;0.1249999;-0.023102
QuickRigCharacter_Spine2;-0.05117289;0.125;-0.0153344
QuickRigCharacter_Spine2;-0.06297648;0.125;-0.01316002
QuickRigCharacter_Spine2;-0.06840196;0.1250001;-0.01255356
QuickRigCharacter_Spine2;-0.0682523;0.1250001;-0.01179168
QuickRigCharacter_Spine2;-0.06598579;0.1250001;-0.011682
QuickRigCharacter_Spine2;-0.06382102;0.1250001;-0.01376215
QuickRigCharacter_Spine2;-0.06130176;0.125;-0.01514955
QuickRigCharacter_Spine2;-0.05619929;0.1250001;-0.01442741
QuickRigCharacter_Spine2;-0.05216371;0.125;-0.01262613
QuickRigCharacter_Spine2;-0.05162233;0.1249999;-0.01546976
QuickRigCharacter_Spine2;-0.04879951;0.1249999;-0.01422143
QuickRigCharacter_Spine2;-0.03821588;0.125;-0.003332396
QuickRigCharacter_Spine2;-0.03754348;0.1250001;-0.002243445
QuickRigCharacter_Spine2;-0.03871584;0.125;-0.0003886633
QuickRigCharacter_Spine2;-0.04043171;0.125;-0.003946929
QuickRigCharacter_Spine2;-0.04181778;0.125;-0.006128058
QuickRigCharacter_Spine2;-0.04151751;0.1250001;-0.007798159
QuickRigCharacter_Spine2;-0.04401786;0.125;-0.01017538
QuickRigCharacter_Spine2;-0.04252885;0.1250001;-0.01112011
QuickRigCharacter_Spine2;-0.04495578;0.1250001;-0.01474858
QuickRigCharacter_Spine2;-0.04741582;0.1250001;-0.01586302
QuickRigCharacter_Spine2;-0.05321089;0.125;-0.01631
QuickRigCharacter_Spine2;-0.05776093;0.125;-0.0100184
QuickRigCharacter_Spine2;-0.0593478;0.1249999;-0.008172597
QuickRigCharacter_Spine2;-0.06245596;0.125;-0.01012992
QuickRigCharacter_Spine2;-0.06804059;0.1250001;-0.01309408
QuickRigCharacter_Spine2;-0.069135;0.1250001;-0.00687504
QuickRigCharacter_Spine2;-0.07416859;0.1250001;-0.01222505
QuickRigCharacter_Spine2;-0.07916281;0.1250001;-0.01110985
QuickRigCharacter_Spine2;-0.0855856;0.1250001;-0.0116863
QuickRigCharacter_Spine2;-0.08609097;0.125;-0.01276317
QuickRigCharacter_Spine2;-0.09442864;0.125;-0.0120864
QuickRigCharacter_Spine2;-0.09726666;0.125;-0.01140049
QuickRigCharacter_Spine2;-0.1020088;0.1249999;-0.009509073
QuickRigCharacter_Spine2;-0.09579138;0.125;-0.01114547
QuickRigCharacter_Spine2;-0.09823211;0.1249999;-0.00100643
QuickRigCharacter_Spine2;-0.1071409;0.1250001;0.003025149
QuickRigCharacter_Spine2;-0.1085017;0.1250001;0.002039734
QuickRigCharacter_Spine2;-0.1134688;0.1250001;0.003902973
QuickRigCharacter_Spine2;-0.1131379;0.125;0.003536973
QuickRigCharacter_Spine2;-0.1126919;0.1250001;0.004986537
QuickRigCharacter_Spine2;-0.1051681;0.1250001;0.002838775
QuickRigCharacter_Spine2;-0.1086094;0.125;0.001979578
QuickRigCharacter_Spine2;-0.1085944;0.1250001;0.005200156
QuickRigCharacter_Spine2;-0.1066044;0.1250001;0.003841638
QuickRigCharacter_Spine2;-0.1076264;0.1250001;0.002935243
QuickRigCharacter_Spine2;-0.1098502;0.1250001;-0.001129964
QuickRigCharacter_Spine2;-0.1106978;0.125;0.001169276
QuickRigCharacter_Spine2;-0.1098227;0.1250001;0.003877037
QuickRigCharacter_Spine2;-0.1062675;0.125;-0.0007384427
QuickRigCharacter_Spine2;-0.1105516;0.1250001;-0.0005575059
QuickRigCharacter_Spine2;-0.112182;0.1250001;-0.0004956158
QuickRigCharacter_Spine2;-0.1110732;0.125;-0.00219429
QuickRigCharacter_Spine2;-0.1129101;0.125;-0.003394864
QuickRigCharacter_Spine2;-0.113021;0.125;-0.002484126
QuickRigCharacter_Spine2;-0.1109114;0.125;-0.003696815
QuickRigCharacter_Spine2;-0.1077015;0.1249999;-0.007933042
QuickRigCharacter_Spine2;-0.108028;0.1250001;-0.008458386
QuickRigCharacter_Spine2;-0.1078072;0.125;-0.008845561
QuickRigCharacter_Spine2;-0.1059386;0.125;-0.0107107
QuickRigCharacter_Spine2;-0.1038942;0.1250001;-0.01271476
QuickRigCharacter_Spine2;-0.1056303;0.1250001;-0.01349017
QuickRigCharacter_Spine2;-0.1089061;0.1250001;-0.01742339
QuickRigCharacter_Spine2;-0.1054522;0.1250001;-0.01310484
QuickRigCharacter_Spine2;-0.1042552;0.1250001;-0.01213008
QuickRigCharacter_Spine2;-0.1038758;0.1249999;-0.01236242
QuickRigCharacter_Spine2;-0.1031833;0.125;-0.01494638
QuickRigCharacter_Spine2;-0.1040046;0.125;-0.01687206
QuickRigCharacter_Spine2;-0.107554;0.1250001;-0.01828069
QuickRigCharacter_Spine2;-0.1078821;0.1250001;-0.02039388
QuickRigCharacter_Spine2;-0.0684133;0.1250001;-0.02801069
QuickRigCharacter_Spine1;-0.03365634;0.125;-0.03326964
QuickRigCharacter_Spine1;-0.02240268;0.125;-0.02630388
QuickRigCharacter_Spine1;-0.01964846;0.1250001;-0.02462061
QuickRigCharacter_Spine1;0.01172405;0.125;-0.02000433
QuickRigCharacter_Spine1;0.1215134;0.125;-0.005724339
QuickRigCharacter_Spine1;0.1233573;0.125;-0.008986515
QuickRigCharacter_Spine1;0.1213712;0.1250001;-0.008614209
QuickRigCharacter_Spine1;0.1223489;0.1250001;-0.00640898
QuickRigCharacter_Spine1;0.122973;0.125;-0.006383812
Plane;0.02228928;2.75738E-08;0.2885896
Plane;0.02642531;2.75738E-08;0.2905067
Plane;0.02556289;2.75738E-08;0.2939971
Plane;0.02228534;2.75738E-08;0.2888061
QuickRigCharacter_Spine1;0.1247544;0.125;-0.008131956
QuickRigCharacter_Spine1;0.1193977;0.125;-0.01079586
QuickRigCharacter_Spine1;0.1135781;0.125;-0.0107439
QuickRigCharacter_Spine1;0.1081873;0.125;-0.002465426
QuickRigCharacter_Spine1;0.1050763;0.1250001;0.00300747
QuickRigCharacter_Spine1;0.1043736;0.125;0.002638995
QuickRigCharacter_Spine1;0.1033133;0.1250001;0.002083286
QuickRigCharacter_Spine1;0.1057438;0.125;-0.000620052
QuickRigCharacter_Spine1;0.1057886;0.125;-0.003685324
QuickRigCharacter_Spine1;0.1010982;0.1250001;-0.004798068
QuickRigCharacter_Spine1;0.1024491;0.125;-0.006387768
QuickRigCharacter_Spine1;0.103038;0.1250001;-0.009870227
QuickRigCharacter_Spine1;0.1011868;0.125;-0.01095979
QuickRigCharacter_Spine1;0.1029976;0.1250001;-0.006508125
QuickRigCharacter_Spine1;0.1051498;0.125;-7.107851E-06
QuickRigCharacter_Spine1;0.1076482;0.125;-0.001937508
QuickRigCharacter_Spine1;0.110078;0.1250001;-0.004065646
QuickRigCharacter_Spine1;0.1154856;0.1250001;0.005764497
QuickRigCharacter_Spine1;0.1145445;0.125;0.003134458
QuickRigCharacter_Spine1;0.1122417;0.125;0.00334744
QuickRigCharacter_Spine1;0.1098395;0.125;0.002978547
QuickRigCharacter_Spine1;0.1102993;0.125;0.000131309
QuickRigCharacter_Spine1;0.1112656;0.125;-0.001145273
QuickRigCharacter_Spine1;0.1140775;0.1250001;-9.846684E-05
QuickRigCharacter_Spine1;0.1145104;0.125;0.0005371867
QuickRigCharacter_Spine1;0.1172614;0.1250001;0.04540415
QuickRigCharacter_Spine1;0.114206;0.125;0.04377168
QuickRigCharacter_Spine1;0.1130359;0.125;0.04093356
QuickRigCharacter_Spine1;0.1136889;0.125;0.04354799
QuickRigCharacter_Spine1;0.1132376;0.1250001;0.04614004
QuickRigCharacter_Spine1;0.1115601;0.125;0.049309
QuickRigCharacter_Spine1;0.111131;0.125;0.04925681
QuickRigCharacter_Spine1;0.1144391;0.125;0.04834209
Plane;-0.2060823;2.75738E-08;0.3092988
Plane;-0.2683543;2.75738E-08;0.3150666
Plane;-0.2637084;2.75738E-08;0.3088955
Plane;-0.264058;2.75738E-08;0.3041985
Plane;-0.2607101;2.75738E-08;0.2920674
Plane;-0.2663268;2.75738E-08;0.2874428
QuickRigCharacter_Spine1;0.1248308;0.125;0.1298655
Plane;-0.2747043;2.75738E-08;0.2873433
Plane;-0.2708042;2.75738E-08;0.2872661
Plane;-0.2674204;2.75738E-08;0.2905267
Plane;-0.2661971;2.75738E-08;0.2892631
Plane;-0.2635217;2.75738E-08;0.2900939
Plane;-0.2846735;2.75738E-08;0.300039
Plane;-0.2990111;2.75738E-08;0.3119602
Plane;-0.2931833;2.75738E-08;0.3129608
Plane;-0.2960569;2.75738E-08;0.3186711
Plane;-0.2973704;2.75738E-08;0.3139075
Plane;-0.2942646;2.75738E-08;0.3108198
Plane;-0.2847899;2.75738E-08;0.3120258
Plane;-0.2809187;2.75738E-08;0.3141257
Plane;-0.2817923;2.75738E-08;0.3102937
Plane;-0.28406;2.75738E-08;0.3077742
Plane;-0.2910058;2.75738E-08;0.2961933
Plane;-0.292547;2.75738E-08;0.2996117
Plane;-0.2901396;2.75738E-08;0.2969132
QuickRigCharacter_Spine1;0.1229856;0.125;0.1347252
QuickRigCharacter_Spine1;0.1200234;0.1249999;0.1347414
QuickRigCharacter_Spine1;0.1189683;0.125;0.138515
QuickRigCharacter_Spine1;0.1143875;0.125;0.1337125
QuickRigCharacter_Spine1;0.09875127;0.1250001;0.1269117
QuickRigCharacter_Spine1;0.09966997;0.1250001;0.1306573
QuickRigCharacter_Spine1;0.09766109;0.1250001;0.136626
QuickRigCharacter_Spine1;0.09753517;0.125;0.1365008
QuickRigCharacter_Spine1;0.09640325;0.125;0.1308707
QuickRigCharacter_Spine1;0.09540666;0.125;0.1229814
QuickRigCharacter_Spine1;0.108515;0.1250001;0.1081218
Plane;-0.2134745;2.75738E-08;0.2989129
Plane;-0.2211465;2.75738E-08;0.299129
Plane;-0.2196682;2.75738E-08;0.3008652
Plane;-0.2156612;2.75738E-08;0.3035363
Plane;-0.2075757;2.75738E-08;0.3196621
Plane;-0.2068344;2.75738E-08;0.3190394
Plane;-0.2071687;2.75738E-08;0.3190072
Plane;-0.2047818;2.75738E-08;0.3245723
Plane;-0.2004932;2.75738E-08;0.3314438
Plane;-0.1961579;2.75738E-08;0.3351135
QuickRigCharacter_Spine1;0.1238955;0.1250001;0.08461635
QuickRigCharacter_Spine1;0.1105199;0.125;0.08165857
QuickRigCharacter_Spine1;0.1090622;0.125;0.08103585
QuickRigCharacter_Spine1;0.1085204;0.125;0.08333361
QuickRigCharacter_Spine1;0.109972;0.1250001;0.08381863
QuickRigCharacter_Spine1;0.1137567;0.1250001;0.08149344
QuickRigCharacter_Spine1;0.1145229;0.125;0.08153395
QuickRigCharacter_Spine1;0.1189729;0.1250001;0.07941745
QuickRigCharacter_Spine1;0.120542;0.1250001;0.07631527
QuickRigCharacter_Spine1;0.1241533;0.1250001;0.07506385
Plane;-0.05599299;5.514759E-08;0.4157247
QuickRigCharacter_LeftUpLeg;0.001266772;0.005586336;-0.07979276
Plane;-0.0356955;5.514759E-08;0.4770048
Plane;-0.02135721;5.514759E-08;0.4788886
Plane;-0.01475782;5.514759E-08;0.4648395
Plane;-0.0173552;5.514759E-08;0.4547286
Plane;-0.02517354;5.514759E-08;0.457371
Plane;-0.02458129;5.514759E-08;0.4657861
Plane;0.00332773;5.514759E-08;0.6304442
Plane;0.01611713;1.102952E-07;0.757122
Plane;0.01354581;1.102952E-07;0.7446294
Plane;0.008306324;1.102952E-07;0.7437916
Plane;0.01301697;1.102952E-07;0.7473345
Plane;0.02025798;1.102952E-07;0.747253
Plane;0.02251095;1.102952E-07;0.7454054
Plane;0.03353174;1.102952E-07;0.8108223
Plane;0.03204846;1.102952E-07;0.8081719
Plane;0.02841306;1.102952E-07;0.8121982
Plane;0.02919106;1.102952E-07;0.8148464
Plane;0.03188777;1.102952E-07;0.8126574
Plane;0.03042358;1.102952E-07;0.8028496
Plane;0.01798914;1.102952E-07;0.7892125
Plane;0.0157492;1.102952E-07;0.7928388
Plane;0.02434918;1.102952E-07;0.7863213
Plane;0.02888142;1.102952E-07;0.7847175
Plane;0.01837217;1.102952E-07;0.7805347
Plane;0.01002527;1.102952E-07;0.7705594
Plane;0.01094532;1.102952E-07;0.7677444
Plane;0.01206389;1.102952E-07;0.7749898
Plane;0.01090751;1.102952E-07;0.7905371
Plane;0.007672386;1.102952E-07;0.8105721
Plane;0.005991522;1.102952E-07;0.822724
Plane;0.003924578;1.102952E-07;0.8420916
Plane;0.01288948;1.102952E-07;0.8730339
Plane;0.02426372;1.102952E-07;0.8695323
Plane;0.04263353;1.102952E-07;0.8649154
Plane;0.05094555;1.102952E-07;0.8500703
Plane;0.02754571;1.102952E-07;0.8254057
Plane;0.01038983;1.102952E-07;0.825206
Plane;-0.0001581548;1.102952E-07;0.8404422
Plane;-0.001869275;1.102952E-07;0.8645148
Plane;0.01322283;1.102952E-07;0.8764399
Plane;0.02222148;1.102952E-07;0.8762934
Plane;0.01454634;1.102952E-07;0.8687261
QuickRigCharacter_LeftUpLeg;-0.1922898;-0.03114833;-0.0844331
QuickRigCharacter_LeftUpLeg;-0.2007925;-0.02992005;-0.08487494
QuickRigCharacter_LeftUpLeg;-0.21032;-0.02545344;-0.08632473
QuickRigCharacter_LeftUpLeg;-0.2199855;-0.0189067;-0.08799656
Plane;-0.07711476;1.102952E-07;0.9422646
Plane;-0.0704333;1.102952E-07;0.9215872
Plane;-0.06997819;1.102952E-07;0.9012465
Plane;-0.07550818;1.102952E-07;0.8996698
QuickRigCharacter_LeftUpLeg;-0.2084459;-0.005065173;-0.08986568
Plane;-0.0722371;1.102952E-07;0.9127708
Plane;-0.07805541;1.102952E-07;0.9158471
QuickRigCharacter_LeftUpLeg;-0.1948079;-0.06836042;-0.05855012
QuickRigCharacter_LeftUpLeg;-0.1937131;-0.07285215;-0.05286067
QuickRigCharacter_LeftUpLeg;-0.1885176;-0.07487009;-0.0499533
QuickRigCharacter_LeftUpLeg;-0.1858452;-0.07425735;-0.05085848
QuickRigCharacter_LeftUpLeg;-0.1868613;-0.07211902;-0.05383769
QuickRigCharacter_LeftUpLeg;-0.1875302;-0.07036144;-0.05611179
QuickRigCharacter_LeftUpLeg;-0.1901493;-0.07115803;-0.05511492
QuickRigCharacter_LeftUpLeg;-0.1899767;-0.07272157;-0.05302882
QuickRigCharacter_LeftUpLeg;-0.190543;-0.0724201;-0.05342879
QuickRigCharacter_LeftUpLeg;-0.19118;-0.07041097;-0.05606424
QuickRigCharacter_LeftUpLeg;-0.195926;-0.06942125;-0.05728902
QuickRigCharacter_LeftUpLeg;-0.2009422;-0.06896453;-0.05783224
QuickRigCharacter_LeftUpLeg;-0.2136994;-0.08027139;-0.04070254
QuickRigCharacter_LeftUpLeg;-0.2461732;-0.08838516;-0.01698236
QuickRigCharacter_LeftUpLeg;-0.2417958;-0.0883287;-0.01725151
QuickRigCharacter_LeftUpLeg;-0.2346419;-0.08826023;-0.01760845
QuickRigCharacter_LeftUpLeg;-0.2310861;-0.08827691;-0.0175156
QuickRigCharacter_LeftUpLeg;-0.2345438;-0.08812262;-0.01830116
QuickRigCharacter_LeftUpLeg;-0.2347562;-0.08673891;-0.02398981
QuickRigCharacter_LeftUpLeg;-0.2319257;-0.0869991;-0.02302306
QuickRigCharacter_LeftUpLeg;-0.2310881;-0.08807826;-0.01846476
QuickRigCharacter_LeftUpLeg;-0.2953428;-0.08996274;0.002581779
QuickRigCharacter_LeftUpLeg;-0.3146496;-0.09000163;0.0006780985
QuickRigCharacter_LeftUpLeg;-0.3127817;-0.08979985;-0.006116347
QuickRigCharacter_LeftUpLeg;-0.3080941;-0.0895282;-0.009244788
QuickRigCharacter_LeftUpLeg;-0.3056695;-0.08965012;-0.007961394
QuickRigCharacter_LeftUpLeg;-0.3051059;-0.08971396;-0.007147593
QuickRigCharacter_LeftUpLeg;-0.3065194;-0.08979073;-0.006231861
QuickRigCharacter_LeftUpLeg;-0.3121176;-0.08952685;-0.009226095
QuickRigCharacter_LeftUpLeg;-0.3197256;-0.08918084;-0.01213854
QuickRigCharacter_LeftUpLeg;-0.3659591;-0.08602178;-0.0258101
QuickRigCharacter_LeftUpLeg;-0.3774171;-0.08138515;-0.03429668
QuickRigCharacter_LeftUpLeg;-0.3752071;-0.0816903;-0.03458805
QuickRigCharacter_LeftUpLeg;-0.3745748;-0.08194995;-0.03424541
QuickRigCharacter_LeftUpLeg;-0.3695242;-0.08329044;-0.03276755
QuickRigCharacter_LeftUpLeg;-0.3675804;-0.08416042;-0.03098856
QuickRigCharacter_LeftUpLeg;-0.3666058;-0.08484901;-0.02930712
QuickRigCharacter_LeftUpLeg;-0.3665695;-0.08470144;-0.02972646
QuickRigCharacter_LeftUpLeg;-0.3625713;-0.08688332;-0.02335906
QuickRigCharacter_LeftUpLeg;-0.3553707;-0.08692035;-0.02336038
QuickRigCharacter_LeftUpLeg;-0.3550308;-0.08661662;-0.02442557
QuickRigCharacter_LeftUpLeg;-0.3543608;-0.08616201;-0.0260093
QuickRigCharacter_LeftUpLeg;-0.3491568;-0.08400773;-0.03230482
QuickRigCharacter_LeftUpLeg;-0.3471206;-0.08463702;-0.03059029
QuickRigCharacter_LeftUpLeg;-0.2997075;-0.08988371;-0.004609192
QuickRigCharacter_LeftUpLeg;-0.254081;-0.08674447;0.02399769
QuickRigCharacter_LeftUpLeg;-0.243004;-0.08841667;0.01684381
QuickRigCharacter_LeftUpLeg;-0.2347554;-0.08894403;0.01372536
QuickRigCharacter_LeftUpLeg;-0.2238248;-0.08885374;0.01430655
QuickRigCharacter_LeftUpLeg;-0.2167314;-0.08797528;0.01899355
QuickRigCharacter_LeftUpLeg;-0.1966614;-0.08604188;0.02640095
QuickRigCharacter_LeftUpLeg;-0.1926588;-0.08584931;0.02704109
QuickRigCharacter_LeftUpLeg;-0.188978;-0.08609247;0.02620981
QuickRigCharacter_LeftUpLeg;-0.1873946;-0.087113;0.02261054
QuickRigCharacter_LeftUpLeg;-0.1791462;-0.08990835;0.003921172
QuickRigCharacter_LeftUpLeg;-0.1679602;-0.08885244;-0.01430417
QuickRigCharacter_LeftUpLeg;-0.1617771;-0.08760728;-0.02062933
QuickRigCharacter_LeftUpLeg;-0.1534174;-0.08608247;-0.02627554
QuickRigCharacter_LeftUpLeg;-0.1526607;-0.08548526;-0.02816975
QuickRigCharacter_LeftUpLeg;-0.1535011;-0.08503018;-0.02949356
QuickRigCharacter_LeftUpLeg;-0.152556;-0.08504097;-0.02947837
QuickRigCharacter_LeftUpLeg;-0.1511869;-0.08490837;-0.02983657
QuickRigCharacter_LeftUpLeg;-0.1558959;-0.08388601;-0.0325953
QuickRigCharacter_LeftUpLeg;-0.1557894;-0.08308418;-0.03459558
QuickRigCharacter_LeftUpLeg;-0.1576398;-0.08313768;-0.03447748
QuickRigCharacter_LeftUpLeg;-0.1626246;-0.08245136;-0.03607275
QuickRigCharacter_LeftUpLeg;-0.1636258;-0.08057477;-0.04009154
QuickRigCharacter_LeftUpLeg;-0.1610936;-0.0795861;-0.04202114
QuickRigCharacter_LeftUpLeg;-0.1621486;-0.08216818;-0.03671819
QuickRigCharacter_LeftUpLeg;-0.1692322;-0.08295022;-0.03492986
QuickRigCharacter_LeftUpLeg;-0.178945;-0.08097591;-0.03928019
QuickRigCharacter_LeftUpLeg;-0.1857707;-0.07671998;-0.04706578
QuickRigCharacter_LeftUpLeg;-0.1817123;-0.0766678;-0.04714359
QuickRigCharacter_LeftUpLeg;-0.1806557;-0.0766628;-0.04715418
QuickRigCharacter_LeftUpLeg;-0.1775963;-0.07660632;-0.04724449
QuickRigCharacter_LeftUpLeg;-0.1812068;-0.07547158;-0.04902584
QuickRigCharacter_LeftUpLeg;-0.1826619;-0.07432261;-0.05074524
QuickRigCharacter_LeftUpLeg;-0.1858015;-0.07331843;-0.05219889
QuickRigCharacter_LeftUpLeg;-0.1848796;-0.07404613;-0.05115441
QuickRigCharacter_LeftUpLeg;-0.1366708;-0.07898191;-0.0431398
QuickRigCharacter_LeftUpLeg;-0.01095547;-0.08185679;-0.02354684
QuickRigCharacter_LeftUpLeg;-0.003980512;-0.07911381;-0.02331497
QuickRigCharacter_LeftUpLeg;0.006959249;-0.07386757;-0.02093645
QuickRigCharacter_LeftUpLeg;0.01798658;-0.06664737;-0.01723843
QuickRigCharacter_LeftUpLeg;0.02106334;-0.06440348;-0.01493655
QuickRigCharacter_LeftUpLeg;0.02280396;-0.06297919;-0.01380279
QuickRigCharacter_LeftUpLeg;0.02369096;-0.06209432;-0.01368485
QuickRigCharacter_LeftUpLeg;0.02650351;-0.05938303;-0.01236526
QuickRigCharacter_LeftUpLeg;0.02774072;-0.05809019;-0.01171291
QuickRigCharacter_LeftUpLeg;0.02823053;-0.05753203;-0.01156344
QuickRigCharacter_LeftUpLeg;0.03059075;-0.05451529;-0.01202604
QuickRigCharacter_LeftUpLeg;0.03573525;-0.04525926;-0.01779669
QuickRigCharacter_Spine1;-0.1156849;0.125;0.009041739
QuickRigCharacter_Spine2;-0.03659839;0.125;0.02117025
QuickRigCharacter_Spine2;-0.05006042;0.1250001;0.02378953
QuickRigCharacter_Spine2;-0.06656311;0.125;0.01975201
QuickRigCharacter_Spine2;-0.07145432;0.125;0.01875649
QuickRigCharacter_Spine2;-0.07504458;0.1249999;0.01917232
QuickRigCharacter_Spine2;-0.07583085;0.1250001;0.02004242
QuickRigCharacter_Spine2;-0.07324199;0.1250001;0.0229708
QuickRigCharacter_Spine2;-0.07210495;0.1250001;0.02117288
QuickRigCharacter_Spine2;-0.07098293;0.1250001;0.02105516
QuickRigCharacter_Spine2;-0.06798773;0.125;0.02153424
QuickRigCharacter_Spine2;-0.07076439;0.1250002;0.02235413
QuickRigCharacter_Spine2;-0.07456794;0.1249999;0.02305233
QuickRigCharacter_Spine2;-0.08250754;0.125;0.01877733
QuickRigCharacter_Spine2;-0.0832465;0.125;0.01845732
QuickRigCharacter_Spine2;-0.0824882;0.1249999;0.0199648
QuickRigCharacter_Spine2;-0.08145598;0.1249999;0.02170162
QuickRigCharacter_Spine2;-0.08527326;0.125;0.0214285
QuickRigCharacter_Spine2;-0.08555763;0.1249999;0.01973395
QuickRigCharacter_Spine2;-0.09120576;0.125;0.01967467
QuickRigCharacter_Spine2;-0.09639446;0.125;0.01882116
QuickRigCharacter_Spine2;-0.09450886;0.1250002;0.02137074
QuickRigCharacter_Spine2;-0.08080764;0.1250001;0.01759299
QuickRigCharacter_Spine2;-0.0813118;0.1250001;0.0256769
QuickRigCharacter_Spine2;-0.09743959;0.125;0.06271493
QuickRigCharacter_Spine2;-0.1126297;0.1250002;0.08917972
QuickRigCharacter_Spine2;-0.1159226;0.1250001;0.09231915
QuickRigCharacter_Spine2;-0.1178402;0.125;0.09200566
QuickRigCharacter_Spine2;-0.1193141;0.125;0.08824669
QuickRigCharacter_Spine2;-0.1232502;0.125;0.08740915
QuickRigCharacter_Spine2;-0.1259338;0.1250001;0.08584737
QuickRigCharacter_Spine2;-0.1301141;0.125;0.08630197
QuickRigCharacter_Spine2;-0.1279638;0.1250001;0.08652059
QuickRigCharacter_Spine2;-0.1258346;0.125;0.0846066
QuickRigCharacter_Spine2;-0.1247483;0.1250002;0.08477101
QuickRigCharacter_Spine2;-0.1231916;0.125;0.08607042
QuickRigCharacter_Spine2;-0.1213611;0.1250001;0.08792712
QuickRigCharacter_Spine2;-0.1195799;0.125;0.08524998
QuickRigCharacter_Spine2;-0.02215618;0.1250001;0.08439153
QuickRigCharacter_Spine1;-0.05703169;0.125;0.07518824
QuickRigCharacter_Spine1;-0.04278456;0.1250001;0.06034915
QuickRigCharacter_Spine2;-0.02981288;0.1250001;0.03247951
QuickRigCharacter_Spine2;-0.1265569;0.1250001;0.04376492
QuickRigCharacter_Spine2;-0.1445899;0.125;0.04783615
QuickRigCharacter_Spine2;-0.1627905;0.1250001;0.04925097
QuickRigCharacter_Spine2;-0.1607775;0.1250001;0.0515479
QuickRigCharacter_Spine2;-0.1618053;0.125;0.04927635
QuickRigCharacter_Spine2;-0.1670914;0.125;0.04610623
QuickRigCharacter_Spine2;-0.1946721;0.125;0.01319795
QuickRigCharacter_Spine2;-0.2227346;0.1250001;0.007481807
QuickRigCharacter_Spine2;-0.2341781;0.1250001;0.01143632
QuickRigCharacter_Spine2;-0.253863;0.1250001;0.01119715
QuickRigCharacter_Spine2;-0.2606781;0.1250001;-0.007040862
QuickRigCharacter_Spine2;-0.28;0.04318228;-0.01410019
QuickRigCharacter_Head;0.07181928;0.1048014;-0.01374853
QuickRigCharacter_Head;0.06479401;0.1081171;-0.01528056
QuickRigCharacter_Head;0.05431397;0.1122768;-0.01575598
QuickRigCharacter_Head;0.03931628;0.1152859;-0.02274176
QuickRigCharacter_Head;0.01835965;0.116691;-0.0278036
QuickRigCharacter_Head;0.01572221;0.1175153;-0.02430441
QuickRigCharacter_Head;-0.003687767;0.1169483;-0.02690835
QuickRigCharacter_Head;-0.02624422;0.1164508;-0.02898582
QuickRigCharacter_Head;-0.03646663;0.1159941;-0.03072487
QuickRigCharacter_Head;-0.02050856;0.1173593;-0.02503101
QuickRigCharacter_Head;-0.02029952;0.1178103;-0.02281773
QuickRigCharacter_Head;-0.02169957;0.1182233;-0.02060181
QuickRigCharacter_Head;-0.02593686;0.1189822;-0.01554532
QuickRigCharacter_Head;-0.0444057;0.1188854;-0.01629866
QuickRigCharacter_Head;-0.05270199;0.1189856;-0.0155484
QuickRigCharacter_Head;-0.06505087;0.1189251;-0.01602598
QuickRigCharacter_Head;-0.07832731;0.1189111;-0.01609356
QuickRigCharacter_Head;-0.06930857;0.1190368;-0.01517153
QuickRigCharacter_Head;-0.0688301;0.1186558;-0.01788937
QuickRigCharacter_Head;-0.06702542;0.1184828;-0.01901672
QuickRigCharacter_Head;-0.05780166;0.1189799;-0.0156076
QuickRigCharacter_Head;-0.03468882;0.1196373;-0.009280385
QuickRigCharacter_Head;-0.02962881;0.119809;-0.00670224
QuickRigCharacter_Head;-0.02872652;0.1199726;-0.002680046
QuickRigCharacter_Head;-0.02640104;0.1199282;-0.004167964
QuickRigCharacter_Head;-0.0253053;0.1197978;-0.007001097
QuickRigCharacter_Head;-0.01114489;0.1192283;-0.01358589
QuickRigCharacter_Head;-0.004406014;0.1181052;-0.02120283
QuickRigCharacter_Head;-0.007815135;0.1178669;-0.02250976
QuickRigCharacter_Head;-0.005278517;0.1168677;-0.02724325
QuickRigCharacter_Head;-0.007237019;0.1186308;-0.01805652
QuickRigCharacter_Head;-0.007937567;0.1191007;-0.01462149
QuickRigCharacter_Head;-0.008237314;0.1194968;-0.01099189
QuickRigCharacter_Head;-0.00748831;0.1196636;-0.008974405
QuickRigCharacter_Head;-0.006900274;0.1198437;-0.006178904
QuickRigCharacter_Head;-0.009477125;0.1198135;-0.006715182
QuickRigCharacter_Head;-0.008961846;0.1197325;-0.007991383
QuickRigCharacter_Head;-0.008161072;0.1196707;-0.008923257
QuickRigCharacter_Head;-0.007982236;0.1196094;-0.009717585
QuickRigCharacter_Head;-0.00574573;0.1196523;-0.009162584
QuickRigCharacter_Head;-0.0008027963;0.1195936;-0.009866701
QuickRigCharacter_Head;-0.0005347891;0.1193504;-0.01244507
QuickRigCharacter_Head;0.005109683;0.1195606;-0.01027916
QuickRigCharacter_Head;0.004721948;0.1196842;-0.008763501
QuickRigCharacter_Head;-0.001506254;0.1196801;-0.008680368
QuickRigCharacter_Head;-0.001142289;0.1196273;-0.009486244
QuickRigCharacter_Head;-0.002247968;0.1194149;-0.01184832
QuickRigCharacter_Head;-0.01121236;0.1192172;-0.0136937
QuickRigCharacter_Head;-0.01448865;0.1191732;-0.01403984
QuickRigCharacter_Head;-0.02037271;0.1193294;-0.01266187
QuickRigCharacter_Head;-0.02797968;0.1192749;-0.01312926
QuickRigCharacter_Head;-0.02718583;0.1186651;-0.01783803
QuickRigCharacter_Head;-0.02255585;0.1197211;-0.008187169
QuickRigCharacter_Head;-0.0203057;0.1196681;-0.00890954
QuickRigCharacter_Head;-0.02854403;0.1197638;-0.007495368
QuickRigCharacter_Head;-0.03201916;0.1197678;-0.007390949
QuickRigCharacter_Head;-0.02645218;0.1197742;-0.0074126
QuickRigCharacter_Head;-0.02212559;0.1197715;-0.007428001
QuickRigCharacter_Head;-0.01959726;0.1189777;-0.01563587
QuickRigCharacter_Head;-0.02255356;0.1181466;-0.02100849
QuickRigCharacter_Head;-0.02030983;0.1172712;-0.02545082
QuickRigCharacter_Head;-0.01759063;0.117471;-0.02448787
QuickRigCharacter_Head;-0.008717854;0.1178557;-0.02258425
QuickRigCharacter_Head;-0.003474753;0.1180648;-0.02147376
QuickRigCharacter_Head;-0.006757757;0.1175181;-0.024271
QuickRigCharacter_Head;-0.004020803;0.1171545;-0.02598789
QuickRigCharacter_Head;-0.006141378;0.1179185;-0.02224427
QuickRigCharacter_Head;-0.006352366;0.118504;-0.01887176
QuickRigCharacter_Head;-0.00516836;0.1182099;-0.02063374
QuickRigCharacter_Head;-0.01238075;0.117949;-0.02210275
QuickRigCharacter_Head;-0.01700945;0.1178398;-0.02265052
QuickRigCharacter_Head;-0.02332307;0.1183017;-0.02011422
;
